Feature ID	Taxon	Confidence
#q2:types	categorical	categorical
043e2dd5169629e11f14365818fc471f	k__Bacteria	0.9912593368948607
53a172777952d2735fbb055df93489f0	k__Bacteria	0.9914002108741795
3b69a579977d077b0c2d91fb154d8901	k__Bacteria	0.9922595499156736
54d428b76b0a7f80d82b62d1293028dc	k__Bacteria	0.9912362823769686
924be3ea74894ca66a7ccb762a2e35e1	k__Bacteria	0.9909052169014897
68fa62d7d81ca4783564cff873e8ac25	k__Bacteria; p__Proteobacteria; c__Alphaproteobacteria	0.9842268889664562
7edd0cfff29ec001492a6fa5e4892ffd	k__Bacteria; p__Proteobacteria	0.8449411674968147
15518af8050d75841f053d32a384c2f5	k__Bacteria	0.9901770347357973
0de5667c0248e26d696949b7ca008ef4	k__Bacteria; p__Proteobacteria	0.8781844080582806
fed2972cf86b467d453e8ee71e272e84	k__Bacteria; p__Proteobacteria; c__Alphaproteobacteria	0.986323063527105
5ad01193944de8d7a80c7647f9a0e1d5	k__Bacteria; p__Proteobacteria; c__Alphaproteobacteria	0.9840086787938866
180debebfceaea7b8aa68a419ebcaca7	k__Bacteria	0.9910227523319725
49ac57e9861c7a21e6a6c555c7acfa11	k__Bacteria; p__Proteobacteria; c__Alphaproteobacteria	0.9850584512027792
ec69e5fbaf11f1079016570c2c87f69b	k__Bacteria; p__Proteobacteria	0.795779164475659
ffbdd4d1cf2a34bd686406166f54f710	k__Bacteria; p__Proteobacteria; c__Alphaproteobacteria	0.9837122880772059
d9e7284f877cb8de50fe649d6421b555	k__Bacteria; p__Proteobacteria; c__Alphaproteobacteria	0.9846927208953393
20a6ce5c4d832e3a1a7e95c569767021	k__Bacteria; p__Proteobacteria	0.8193060807510455
05521e4b156a3658165e6d08ee720c37	k__Bacteria; p__Proteobacteria	0.7142405325058516
52e46982ea5189f13994694fd6e536b4	k__Bacteria; p__Proteobacteria	0.8790374233528665
49a9b6c4efdef0d801e2c26af506d4f2	k__Bacteria; p__Proteobacteria	0.8729375349633369
cb991b58100603c80376b178bb37d730	k__Bacteria; p__Proteobacteria	0.8937659588191326
afb245f6fafb31cad983f9df991001df	k__Bacteria; p__Proteobacteria; c__Alphaproteobacteria	0.9842172416727926
7662a316d34c7badc549325f0e37e612	k__Bacteria; p__Proteobacteria; c__Alphaproteobacteria	0.9877513987335941
7ae5e49cd1ccc1641526ba1fc9f21728	k__Bacteria; p__Proteobacteria	0.7137196652745168
c31d78912af054a6df1634a8172dcde2	k__Bacteria; p__Proteobacteria; c__Alphaproteobacteria	0.9733286276166265
619b78d3c3395cdc8a4f442a4395771f	k__Bacteria	0.9919960526033704
a12ba19ce717ab83fefd8eafef2d2199	k__Bacteria; p__Proteobacteria; c__Alphaproteobacteria	0.9715240219036492
d5aec82cbdfd24ac8adcc2524b73c704	k__Bacteria; p__Proteobacteria	0.7971526822061079
03121ac3041a8a85c721f2e5b0a4399d	k__Bacteria	0.9754991777797212
c51d5a26cc77039ba526a58591f47a53	k__Bacteria; p__Proteobacteria; c__Alphaproteobacteria	0.9712404262608458
d34730490521f83ed9242400611a8a44	k__Bacteria	0.9761877733565774
9d29298eac32bf02e88b6e218cdad1a9	k__Bacteria; p__Proteobacteria; c__Alphaproteobacteria	0.9738027008278478
f584c8dca2b158ef0b8b2e9277d5267e	k__Bacteria	0.9921379649649904
bbab3d11e9e518f37a99d3698229b730	k__Bacteria; p__Proteobacteria	0.7430592278571124
b6acf479e114290558336359150e0ee5	k__Bacteria	0.9712032327725938
64ab55ea04963929ed03b86c6e91594d	k__Bacteria; p__Proteobacteria	0.7697182746185958
f52398134dc779b71714af7d04864e66	k__Bacteria; p__Proteobacteria; c__Alphaproteobacteria	0.9730533655957023
96009c19d95f3d452414dea2e34ce378	k__Bacteria	0.9791913426187515
e4b7e705b480c0c724824f3585c64a4f	k__Bacteria; p__Proteobacteria	0.7758672211159257
fac6a539357f0a11a22ce186f8d2dec1	k__Bacteria; p__Proteobacteria; c__Alphaproteobacteria	0.984392992951907
618ac989c33f1c0776cbe82dca55ca13	k__Bacteria	0.9917009548729862
05dc5c7f8996d74c9139cce4e8e2d856	k__Bacteria; p__Proteobacteria	0.8032734155910367
caed52141f888761d801d88fb271ab57	k__Bacteria; p__Proteobacteria	0.7429923896717401
942b3a73599c3d9cf8b34763e148a2f4	k__Bacteria; p__Proteobacteria; c__Betaproteobacteria	0.78953297931071
cd77811e33297fa1bc86084d13d05d9c	k__Bacteria	0.9925401064267833
ec1b1af12d7ed548aedc836a34aa9c57	k__Bacteria; p__Proteobacteria	0.733348063777188
56b173e0883d8dcd5a83aa7b80c91955	k__Bacteria	0.9921933770559672
642bb70178eb8ba171f67b5033850a2b	k__Bacteria	0.9758764332681142
bac42f39675262d0b9e574e9f6c78186	k__Bacteria; p__Proteobacteria; c__Alphaproteobacteria	0.9683282006830014
a302c65105affd4615d438600f753edc	k__Bacteria	0.9923309687695503
f2d8b234b30c61bd914d3e480709a9f4	k__Bacteria; p__Proteobacteria; c__Alphaproteobacteria	0.9816550172379817
9efb0770ea731733e30d4dcbd3dca8a8	k__Bacteria; p__Proteobacteria	0.8801037941524861
42d1037262c6a6c6b6dcf72c8ce0545f	k__Bacteria; p__Proteobacteria	0.8283086548037526
ef38be6168ddf546c242fce25a3757a1	k__Bacteria; p__Proteobacteria; c__Betaproteobacteria	0.7922166075130769
d9719fb28a7acdb72811c3b19b683bb9	k__Bacteria; p__Proteobacteria; c__Betaproteobacteria	0.7840509741527444
2e050020b4953b401edb12b0ba42661c	k__Bacteria; p__Proteobacteria; c__Alphaproteobacteria	0.9737104291325158
501228d59fd8f5bfa6160fc91405b230	k__Bacteria	0.99065945446687
cb8d391064763b0edc012366fdb0114c	k__Bacteria	0.9761974288233088
6ec1bdee4f97ab7d4099f63b301e1485	k__Bacteria	0.9957117083638876
3a6d9aa092a5edb623a8ae0891169a8f	k__Bacteria; p__Proteobacteria; c__Alphaproteobacteria	0.9826215064524537
e405ecdf33eb33feaf2a69a1ccd8be4f	k__Bacteria; p__Proteobacteria; c__Alphaproteobacteria	0.9834632202028217
c4a5b53eb3f5bac733ccabfdc8d8f062	k__Bacteria; p__Proteobacteria	0.7814546398554965
7925cece1735f847b7e62819ab88ba5c	k__Bacteria	0.9748682475399794
18aeeefac512e3ef7b0e18f6aee7c636	k__Bacteria; p__Proteobacteria; c__Alphaproteobacteria	0.9863070328598409
92786e88771ac6eef3600c60a77ff8d9	k__Bacteria	0.9914513820716064
abf5f9a983e7937ae81d276d1754bfb3	k__Bacteria; p__Proteobacteria	0.8782616816703155
149a21063d02203a74471a9d9a05cd75	k__Bacteria	0.992232234266482
51e84ea72fb90a243d8b4559f7932f88	k__Bacteria; p__Proteobacteria; c__Betaproteobacteria	0.7870762802869553
db95895b7edc0d310281d7b24df8325f	k__Bacteria; p__Proteobacteria	0.7675322062165894
1d0b3b8e43bda874a4e1249c3b8a6d2f	k__Bacteria	0.994101480873894
c2a5fc1c70eb4da576359891e12f16ec	k__Bacteria; p__Firmicutes; c__Clostridia; o__Clostridiales	0.7912417594085975
3678c588deb83ed31e4dcc7ae6b06178	k__Bacteria; p__Proteobacteria; c__Alphaproteobacteria	0.9422724935368002
d6d6f1b047ed4fecf5fb30b207b0cdbc	k__Bacteria	0.9830720781709109
e11d60f62cda8ed5cf61978627bf5c17	k__Bacteria; p__Firmicutes; c__Clostridia; o__Clostridiales	0.8289186175790829
8e6e797e3cb3638e6131830044777ed0	k__Bacteria	0.9917392232278974
035636820f9efc7a33e1108b38d778fc	k__Bacteria	0.9916330959836887
86959692da9f2b806323aa9dd6b8b34c	k__Bacteria; p__Proteobacteria; c__Alphaproteobacteria	0.9768324483976183
31f6508e113f016a50442c2e2b878c6d	k__Bacteria; p__Proteobacteria; c__Betaproteobacteria; o__Burkholderiales; f__Alcaligenaceae	0.9999995269628147
e4c41527df17a16729ba53826bb17524	k__Bacteria	0.9828308337272259
9e62b227d1932bd277e6432b7fd6a797	k__Bacteria; p__Proteobacteria	0.845393666820481
590630891f72ecffe2ab82c3d55304e2	k__Bacteria	0.99093557774022
0f397a5ed335030c31d4e74b936f83f5	k__Bacteria	0.9974376405443708
ae4198d009d4b0506ac8aab1fccfdbda	k__Bacteria	0.9916042903047363
01c628df5c2d74529ed23cd0fed2fb88	k__Bacteria	0.9993884822756446
b55a54650bbfed8dc1e6fb70e23a29c8	k__Bacteria; p__Proteobacteria	0.7315149032624422
416ccd91559d29e6509ea3c16c982ed7	k__Bacteria; p__Proteobacteria	0.7403563829928679
8a1ea48f0c3b59f49a2f8793464d37d4	k__Bacteria; p__Proteobacteria	0.8724017497297133
84ffc63b848d453b57d80211ed2738ca	k__Bacteria	0.9910635301462131
49eaf7b79725eddcbf3605b872db1c3f	k__Bacteria	0.9926520121385977
ca29822574fb0e64cffd8d6b5a3a53cd	k__Bacteria	0.9894623351857391
72370cf96a6542ede016d0ccf6232931	k__Bacteria	0.9910003466123732
1d5efe31472f2f356cf277aaac31637e	k__Bacteria	0.9900233769628402
1eb0bb9eb7f4e258837e3402c54e92a5	k__Bacteria	0.9895255944625304
6eafd6bd8b11aaaa8a855409f77a883d	k__Bacteria	0.9896079218174083
2d91762e5f2616f1af0e7c53981044a6	k__Bacteria	0.9880428257825777
24b1eb3013a3576bc549e89a79d932e0	k__Bacteria	0.9893795219370359
18532d92cda9e311c102e056ada9eb82	k__Bacteria; p__Proteobacteria	0.8351148353214014
a0b059448b9293356915bb7f1a4f8a27	k__Bacteria	0.9812343262568023
6bc8eeff275930af45f21a295d690a1c	k__Bacteria; p__Proteobacteria	0.8361224417306267
76551900b8ccfaddd95287b36d0befd3	k__Bacteria	0.9816212806580011
df932a36ac6299d9dd06b34bef1e4155	k__Bacteria	0.9838124273627346
da7f0b2d4320cdaeb7cd336f26906afb	k__Bacteria; p__Proteobacteria	0.8547634156228044
de49f682fc55f4fe0ba1a32959a17e01	k__Bacteria	0.9911656398398587
8a6bcc9ddb20a4b9627e5d0734198dcf	k__Bacteria; p__Proteobacteria	0.842981799769876
5cfda67a583fb6380e98097415bbe860	k__Bacteria; p__Proteobacteria	0.8594415046580419
93aba5760a7c513787afe8177ce176ea	k__Bacteria; p__Proteobacteria	0.8310291246773303
224b92079784f91627508b90989ec6ca	k__Bacteria; p__Proteobacteria	0.8564069896162437
95ef98f4d5a295fdfd39ae67ad6d45b9	k__Bacteria; p__Proteobacteria	0.8519631215185421
4f78a6c4527ab75331267abff1d26f97	k__Bacteria	0.9820748799184666
1596093485df8c0f3074106f55f63629	k__Bacteria	0.9813952688698508
fc6d6ff091aba475255c8fd9a1ff3281	k__Bacteria; p__Proteobacteria	0.8583490460293707
c5ab1dc111d3ac921b8205a06df27871	k__Bacteria; p__Proteobacteria	0.849858994274065
f59abdff8816112011787556c14beabd	k__Bacteria; p__Proteobacteria	0.8561039880400295
fa7999a647aee9e8f924614d3bdf6a56	k__Bacteria	0.993652642303023
87f05ddfe076464c6332c0e13bfb714c	k__Bacteria	0.9925099827513504
ed2ef3e287c24f5af95426e80d10b882	k__Bacteria	0.9931449461984716
27fd1c03a30b145c20d83dd763431bf5	k__Bacteria; p__Proteobacteria	0.8579543906120745
34f4faac9c4cbf5ace4de3f45735b41a	k__Bacteria; p__Proteobacteria	0.83557045868358
9bda67ada08d9ea54db757e232629666	k__Bacteria	0.9783892952795229
8d54492c4107d5380f33eb2fe67d4407	k__Bacteria	0.9922990107128574
92ef618caba55cb06cb58f8d610d34e3	k__Bacteria	0.9911519604908617
ef00d2bf0d522a4f8690102bbc3435fc	k__Bacteria	0.9931617999527542
6cf7887ae752f8b80cb28d9fd9093306	k__Bacteria	0.9912156010679114
33707b60ac91835f90c7bd528561ab13	k__Bacteria	0.983414937282071
c729c18e6fe1172cff84a4568e12db6b	k__Bacteria	0.993398299793078
22286a79b7c5ae972a95c640e8d31b0b	k__Bacteria	0.9815983599168635
cd639101ca30fd9c39cff91f42189e35	k__Bacteria	0.9925183762365601
539040598cd710f98e1db0d7b079c370	k__Bacteria	0.991819085437408
e9b4b45c8448ae3605cc1ac4bb8117fb	k__Bacteria; p__Bacteroidetes	0.9295198024479941
6935f90bf31be739a62b527decbe3eb9	k__Bacteria; p__Proteobacteria; c__Alphaproteobacteria	0.9841733738113321
1e4621d238a0a244d56acbec339d9f1d	k__Bacteria; p__Proteobacteria; c__Alphaproteobacteria	0.9864350020172569
f3bb2a460f6979b438d922c0bbd67141	k__Bacteria	0.9894999020221653
fe889b50c0ddf6f9d77f77ae20ee8479	k__Bacteria	0.9931462495182964
966b0b92fc900f5f8275f0336a347e78	k__Bacteria	0.9942817895340265
f9a35cc11603132adb3b69c41d847739	k__Bacteria; p__Proteobacteria	0.7042333133882196
9464907a466988d347312504da5952bb	k__Bacteria	0.9930553571441834
7ba66e66243a7790b5498b269013a46d	k__Bacteria	0.992229965411313
8b14406e4fddf43a900bb5ad9ee521db	k__Bacteria	0.9871118996138889
89be853ceab6a7220e2d3f0556ba98a6	k__Bacteria; p__Proteobacteria	0.7709952224817741
784569d002949d4086d103756ecd8ebc	k__Bacteria	0.9919878472574009
7b51bc196a4e4841c250f88338fd31d2	k__Bacteria	0.9871090225694957
fe8786ccccbc29b12936f546aacbbed3	k__Bacteria	0.9923085394066657
8e8343f369edaeff3fc1a4ff7c25f60b	k__Bacteria; p__Proteobacteria	0.8652951437984423
f01dce3f238f8c735b9af203db107ec2	k__Bacteria	0.9885641710324228
a7437eda7aa726f36128b18b5ef49f74	k__Bacteria	0.9928942583723184
fafb68b57dd1945396d1c534021b61d4	k__Bacteria; p__Proteobacteria; c__Gammaproteobacteria	0.8006142864439436
13aab7086b834497dbc59b5fc1da0742	k__Bacteria	0.9894980373908865
43a720b81e3906fb376f1d1556c1361d	k__Bacteria; p__Proteobacteria; c__Alphaproteobacteria	0.9880058355969575
d61e80aa144eeb6a8ae99225d2506abe	k__Bacteria	0.9902936893187138
a81b322122af628514c790a8ce52c7f9	k__Bacteria	0.9937481738320604
076a38c8782a4a0a0a6656e36db7488c	k__Bacteria	0.992219068531145
3e39135728668946346483482ac278c2	k__Bacteria	0.991431182193539
e8643fcf131f5a9731c98dabde37aa0d	k__Bacteria; p__Proteobacteria	0.7837300779255554
c1a37430ded659010f18b2ccd3f4657f	k__Bacteria	0.9841853729677318
7a60d96e0ac3c889ec073d28b016ee60	k__Bacteria; p__Proteobacteria; c__Alphaproteobacteria	0.983972748799361
927359be1349c5390b96b5ab58519e10	k__Bacteria	0.9923649967883561
3658579f611986c533e7488f1e4a7b06	k__Bacteria; p__Proteobacteria	0.8211199703282674
d2f1355d989d13631bb5e463ded26715	k__Bacteria	0.9933294280213641
43c0a0dd996df944f0fdb5ff27f91ebc	k__Bacteria	0.98984706648153
cdcb0c2e2cfc4e351641f10c5caf17f0	k__Bacteria	0.9967153227932267
8cef5c942a9373b5d1db86ca4d31bf0e	k__Bacteria	0.9865993674942206
58748a9a739b94903c5f53bc25d888e4	k__Bacteria	0.993213075023915
9c7e648b935e40478ce3782cffe65eb1	k__Bacteria	0.9904667863357866
73003a53209883630f6f82f673df50f2	k__Bacteria	0.9928277426442964
ddee4c07d2b2cc5db263a46a21b7f457	k__Bacteria	0.9895130828054199
2f4e55ee9ad70fa3d2cba2ab7e4639a0	k__Bacteria	0.9892103911400384
6a31a1ea21fb3ec0c656e4e07125d46f	k__Bacteria	0.9979383235140104
6ade561ee7770355bf1aa9cd67a8b337	k__Bacteria; p__Proteobacteria; c__Alphaproteobacteria	0.986462501628844
e0ed95125921d82baa23ebb7170fc171	k__Bacteria; p__Proteobacteria; c__Alphaproteobacteria	0.9870407896984488
592b8dc3b9206fadd0784e5015431ae1	k__Bacteria; p__Proteobacteria; c__Alphaproteobacteria	0.98950545851225
0ff733172f4b4c65c856d07cc6de1985	k__Bacteria	0.9928815035703121
e3729f296dddcafd9740c7f6ac802760	k__Bacteria; p__Proteobacteria; c__Alphaproteobacteria	0.9880969826604605
36fc8c670b58ba624082e0f2a1e62f23	k__Bacteria; p__Proteobacteria	0.8664109874300352
7d16af4c47c50d210650dc0d95271f41	k__Bacteria	0.9937729405121603
8de3137ec2af8c03759a5bfe69ec40f9	k__Bacteria	0.993082784309728
1bcb9736b1879dc9882dfc56f0658b6f	k__Bacteria; p__Proteobacteria	0.7370519123653384
9e02c3a9d120ad62bee363750753bbbb	k__Bacteria	0.9937350266047611
bd5313781f7bcb00c6e0aadd9d87a572	k__Bacteria; p__Proteobacteria; c__Alphaproteobacteria	0.9835470581387148
9dd348b80a5b5573ba4ddbd96cf6208d	k__Bacteria; p__Proteobacteria; c__Alphaproteobacteria	0.985236724831435
e8fa19ffcae4586c9c9a1fe246ef4d0f	k__Bacteria; p__Proteobacteria	0.7376760132890684
67b2c738d589c70791149e73612cca4f	k__Bacteria	0.9944548231000164
5753c6771d8066e64381fe7630c7f0b3	k__Bacteria; p__Proteobacteria; c__Alphaproteobacteria; o__Rhizobiales; f__Bradyrhizobiaceae	0.7024683866981587
cf852d8a406ce2b4e761aca707a64341	k__Bacteria	0.990608524039567
ccfae6202838cc75495c71998e9ac580	k__Bacteria; p__Proteobacteria; c__Gammaproteobacteria	0.7479431942098238
bd82a2a1255a09d9fe002dc3f4be4723	k__Bacteria; p__Proteobacteria; c__Gammaproteobacteria	0.7613020162096635
903276cf680c208d5594f18fcb82c79c	k__Bacteria	0.9911788565010724
5e4d337ee8bce52a657809162752d65c	k__Bacteria	0.993770225489448
5deb3f2077ec00a92066230e7aa25493	k__Bacteria; p__Proteobacteria; c__Alphaproteobacteria	0.9902737976092995
18991ff229e4475cc88180384bb6ea5c	k__Bacteria; p__Proteobacteria; c__Gammaproteobacteria	0.740860959123165
28c983e2c98f58afb9f66144744bd46f	k__Bacteria	0.9993355858866881
6da01065bfebbea1024af443d317e74d	k__Bacteria; p__Proteobacteria; c__Gammaproteobacteria	0.7161621014813764
f75a1a9e205b1185748c5d628d73d387	k__Bacteria; p__Proteobacteria; c__Gammaproteobacteria	0.7636660040164689
89c980eca88de0198613ddb9dec1406a	k__Bacteria; p__Proteobacteria	0.7837539665588218
db31ce0d3c18083678592c421dcb5edd	k__Bacteria	0.9930128760437672
3dbccd256ccc92afeb1472250f2a91df	k__Bacteria	0.9968361002152399
70ce84e39ad7ed1a769b3e02ba8dc9e5	k__Bacteria; p__Proteobacteria	0.8756925152661706
337707db8a493f28a65b0566c7e0e412	k__Bacteria; p__Proteobacteria; c__Gammaproteobacteria	0.7359110734513241
650b632bf2a5804b77c5cb21b418912c	k__Bacteria; p__Proteobacteria	0.848462688338247
fb136593f36203715884a87c651ae893	k__Bacteria; p__Proteobacteria	0.8070807133759841
fc5968aafc726bb68c9feb50111a6ff4	k__Bacteria; p__Proteobacteria; c__Alphaproteobacteria	0.9898203273112591
5b05b90fc4ad8bbf7eb2db7f3156a466	k__Bacteria	0.998728038275255
9dc3d0b573cc369e18726509caddee23	k__Bacteria; p__Firmicutes; c__Clostridia; o__Clostridiales	0.7880961274188946
4107f3ceb2f761167e78b58013136e52	k__Bacteria	0.9985147515299541
5c0301e49868d7aff582f739fc5f84fa	k__Bacteria; p__Proteobacteria	0.8188532720891879
b9148436141f00bb450716b4b862025e	k__Bacteria	0.9923330090082167
939507bde744aad0330496154e181f9a	k__Bacteria	0.9912862738154679
5b15e6f9c42f5e1143ed16a7f6c21eda	k__Bacteria	0.9974190616363443
2989f41c2a95c4685cf288ed930abd1d	k__Bacteria; p__Proteobacteria; c__Alphaproteobacteria	0.9731235613616444
1497aa8c3de0d9363fb44eac8e7253bc	k__Bacteria; p__Firmicutes; c__Clostridia; o__Clostridiales	0.8109738986379906
8285fa9021f81d582f9e49b373b221c5	k__Bacteria; p__Proteobacteria	0.7033197399225948
4b658db68ed474b3e28ba2c4a898caea	k__Bacteria	0.9928802460213321
4cf0e7f51d396d8df9575e25d536d94b	k__Bacteria	0.9922830114318384
7517158f048bcd19a1da60f3463c5dd8	k__Bacteria	0.9890138107662211
7a266cccd0f66ded4b6f8aabe78a9cd5	k__Bacteria	0.9963345583130274
7dcbdcd378955daf47ccba449bdfbb5e	k__Bacteria	0.9811311618175416
d7f3388c9c167c9b06350415c8b4648d	k__Bacteria	0.9818844646757532
f1e8789aa8f752167e598a7de49419d9	k__Bacteria; p__Proteobacteria; c__Alphaproteobacteria	0.9795963295337272
2bfb46fa36980a5653a48f6be76a96fe	k__Bacteria; p__Proteobacteria	0.701983231052216
0cbcbcc688191ae460a76c1e797cbf2f	k__Bacteria	0.9971553973236195
ccbc926dc90f842d8dc9efe493a1f035	k__Bacteria; p__Firmicutes; c__Clostridia; o__Clostridiales	0.7509254578527341
6b3311bb4adbf00489e48f4eab99744c	k__Bacteria	0.9915526921134632
c28ccd0e7990ebaf63dd0afaef0ed070	k__Bacteria	0.9921803734521047
e288cd530f3aba14d5be9cd54a2fcd2b	k__Bacteria; p__Proteobacteria	0.8970048173322978
6796144d2eb4c20591cba545652921ff	k__Bacteria; p__Proteobacteria; c__Gammaproteobacteria	0.7348136495082692
1b0ad213b58ca8e9586f8c3bf161da93	k__Bacteria; p__Proteobacteria; c__Betaproteobacteria	0.7986349183929995
7abff441af96b1951010f5b2ea6b6e68	k__Bacteria; p__Proteobacteria; c__Gammaproteobacteria	0.7472746693193834
53bc2ca75828d3ada6121837f94e4708	k__Bacteria	0.9986549757451422
f2ff7fa5c2bb35a2d6b02a8e47b38472	k__Bacteria	0.996920044652092
7446078ff030eba0b8d248fc26dc7bb0	k__Bacteria	0.9962591739576682
1e805bde8f32952c86b400e5641716be	k__Bacteria	0.9970161345741289
3e55a79768a9c96f49a827d457ea0766	k__Bacteria; p__Proteobacteria; c__Alphaproteobacteria	0.8092278539067776
5753e7646bff5c1f4d934fa9b387ccdb	k__Bacteria	0.985069242931993
f177e83591bb403db566b1fbdf8a7939	k__Bacteria; p__Firmicutes; c__Clostridia; o__Clostridiales	0.7736848083594037
2f8964fbbc44cf849f7204ea29799e58	k__Bacteria	0.9926738629726418
4589842b689d99f7e268d421d4c81312	k__Bacteria; p__Proteobacteria; c__Gammaproteobacteria	0.8200519027537336
fe009e49cc53d50940215c7b203ff71a	k__Bacteria; p__Proteobacteria; c__Gammaproteobacteria	0.7746327559552147
47af7a616e5435af0a63b676bfd96657	k__Bacteria	0.9973927215056357
abb4cabee1f09f10d37d0cad1800419d	k__Bacteria	0.9977319445213491
46c0b157c4d5bc270a2bdb3ee406005a	k__Bacteria; p__Proteobacteria; c__Betaproteobacteria	0.7821646545741047
5f0e010c720ef1fc3ead60915cdea00d	k__Bacteria	0.9904161095352165
12a7942e428280df214417cb29b2673d	k__Bacteria; p__Proteobacteria	0.9013901203957311
95c8affc5c9a46f7858e2dcb2f3c63fd	k__Bacteria; p__Proteobacteria	0.8044661712234485
ccc9d8aa6e0f7599f204beab8f69e6e4	k__Bacteria; p__Proteobacteria; c__Betaproteobacteria	0.7272616418313641
51952569a2553cdda660cae91e782da4	k__Bacteria; p__Bacteroidetes	0.9152385731547817
c8f41c0dee72746683dd1d22e38e165a	k__Bacteria; p__Proteobacteria; c__Betaproteobacteria	0.7346087688334646
15852343dd953066a3f14e5adca44ac3	k__Bacteria; p__Proteobacteria; c__Epsilonproteobacteria	0.7059253672442845
047687b3d842b961411790639088ad63	k__Bacteria; p__Proteobacteria; c__Epsilonproteobacteria; o__Campylobacterales; f__Helicobacteraceae	0.7035219830861197
3502138ced6537d7d4eff6ed39e3eab1	k__Bacteria; p__Proteobacteria	0.7596852813364916
cfc1063d974065bd3ba3373017d79f71	k__Bacteria; p__Proteobacteria	0.8957148480162657
546033fd029c432f4da6748c8786b8d1	k__Bacteria	0.9916142346394071
3d25267b7568d0c05ae4824910e5dd67	k__Bacteria; p__Proteobacteria; c__Epsilonproteobacteria	0.70709045201529
71f987b2ed1fcb24dc931e5dfb58bb01	k__Bacteria; p__Proteobacteria; c__Alphaproteobacteria	0.9745577838221028
d7f98d9b87717d2f475ff549b2089ffb	k__Bacteria; p__Proteobacteria; c__Alphaproteobacteria	0.9900807647604
95af250b43352ce811686e9248a59c9f	k__Bacteria; p__Proteobacteria; c__Gammaproteobacteria	0.7653327769753986
1b97cfeb78bb9e1c74793accd774be5d	k__Bacteria; p__Proteobacteria; c__Alphaproteobacteria; o__Rhizobiales	0.7363839734341925
4408e8dac074776d29ddf6f46319c8c2	k__Bacteria	0.9927810276811276
ef963af7a146e4399b001e45aa366469	k__Bacteria; p__Proteobacteria; c__Epsilonproteobacteria; o__Campylobacterales; f__Helicobacteraceae	0.7243449393037851
af6690ba1dbf764bd32e2222c2067e7c	k__Bacteria; p__Proteobacteria; c__Betaproteobacteria	0.810412836073245
aeb3d048b96a9d93bc37d0a020992e96	k__Bacteria	0.9970085317323418
1e118dff239e6f46bd6b4c690ded9972	k__Bacteria; p__Proteobacteria; c__Alphaproteobacteria	0.9744765770942027
2922d7dc23b8ae83210c6f74f6159053	k__Bacteria; p__Proteobacteria; c__Gammaproteobacteria	0.725883612508385
bdf224011d42332b0f3e28934218fd69	k__Bacteria	0.9921718116174018
570fbcf9e53f4de46eed41f01d7a3c9c	k__Bacteria; p__Proteobacteria; c__Alphaproteobacteria	0.9863925733588296
d3aa130e487547641ecedf7ca0f54664	k__Bacteria; p__Proteobacteria	0.8082544172762886
d665c074a9ae60abb71e4b1b499bb304	k__Bacteria; p__Proteobacteria; c__Epsilonproteobacteria	0.7061742354007334
31a6f8063c96c184fedb8318192473ad	k__Bacteria	0.9975234357004259
a2e956bb635f278258de80a77249fd88	k__Bacteria; p__Proteobacteria; c__Alphaproteobacteria; o__Rhizobiales	0.7495543379043386
ef5e8df28304653709e774e87da8c8ef	k__Bacteria	0.9974524291492425
beb06505def731ae1f556c0fe77a90d2	k__Bacteria	0.9845385890486815
d6ab7b9b012367359f583e2088104a04	k__Bacteria; p__Proteobacteria	0.8788285879788023
59472530c63d1d3caa6cad60a8ab8503	k__Bacteria; p__Proteobacteria; c__Epsilonproteobacteria; o__Campylobacterales; f__Helicobacteraceae	0.7030608044277298
e225118c481581b4548627d8e7c938f3	k__Bacteria; p__Proteobacteria; c__Betaproteobacteria	0.8431892080266802
84d5c3405025dc4aec8912d49522325c	k__Bacteria; p__Proteobacteria	0.79883095777502
67837ebdfb3404a1818c77010a64480a	k__Bacteria	0.9820596572759195
f9a95e78a1eb25b99fc18dd005540f92	k__Bacteria	0.9819842558066543
43e39e9f8fed79fda17bd03e1c633bd9	k__Bacteria	0.9838308069273662
3c8e4475596e8e6cb645e1e1a164eaf6	k__Bacteria	0.9929851934859139
54f16b529c560f214f441fe47177f1ce	k__Bacteria; p__Bacteroidetes	0.9215508351429013
60e6a820ababae198ce09337da276092	k__Bacteria	0.9921878610350757
a8f4b9a8a86d373a43bbe763e5e61de9	k__Bacteria	0.9920875895772968
313595e974ac609407668420c6c6e1c4	k__Bacteria; p__Proteobacteria	0.8002261872367212
48fc83e8d3e0077e2088e45825dc7d3b	k__Bacteria	0.9970461986133935
e3bab5db4fd1d91b0af5070d62bf3dec	k__Bacteria; p__Proteobacteria; c__Alphaproteobacteria	0.9746712390437094
6c50e4ac329cabc5e733d5632c53ec7c	k__Bacteria; p__Proteobacteria; c__Betaproteobacteria	0.7758250485695016
b7a7b670d46e9ead1b83e84d7aef7eeb	k__Bacteria	0.9878895622944114
9f83ab5858f58b1a593166f1b9efaefc	k__Bacteria; p__Proteobacteria	0.8047665217885812
81aaba3ace4ca2161594823087ffdd81	k__Bacteria	0.991681375392665
0ceaa84701572fc0b6fc37b9052ac1f3	k__Bacteria; p__Bacteroidetes	0.9170822781825323
cbc7121f3b166b83138956358fe1b269	k__Bacteria	0.9826472533510096
fb0dbd506d7726913a8563c9cc18f6e5	k__Bacteria; p__Proteobacteria; c__Alphaproteobacteria	0.9726162684313725
3e84e6cd60ddaa25e9c126e087d3df3a	k__Bacteria; p__Proteobacteria; c__Gammaproteobacteria	0.8258805104257663
3c1970d3e71da9caa091fabe2ffa9d98	k__Bacteria; p__Proteobacteria; c__Betaproteobacteria	0.7103901269045737
6066cde003f763c5d9b48616794982d8	k__Bacteria; p__Proteobacteria	0.7897412646914084
83ae56bd2616d3c98faf1273d35eabac	k__Bacteria; p__Proteobacteria; c__Alphaproteobacteria	0.9873875860700537
3a23dee40d82a4ebdb1c83154f3db212	k__Bacteria; p__Proteobacteria	0.7632397844665424
097def208e70a12c4977f36b045c7de0	k__Bacteria	0.9970512313643699
1d14e134cba9dad3bd4c4e567398ba64	k__Bacteria	0.9962470578566543
46add0fe187f05cf3a4a90886a707ba2	k__Bacteria; p__Proteobacteria	0.8008325197721226
d1253d915720f6a0337196652eb5c5f9	k__Bacteria; p__Proteobacteria	0.8791140658627289
bc1237520b4953c819885ff7dbb6e867	k__Bacteria	0.9963221677998103
7a0f10427106790fed208c44d03002c1	k__Bacteria	0.9920029384718978
99857a70158e3e9efb553da18b8035d9	k__Bacteria; p__Firmicutes; c__Clostridia; o__Clostridiales	0.9421900942936581
5ca164bf9c1dedc1dd5ec92cfcedd0c8	k__Bacteria; p__Firmicutes; c__Clostridia; o__Clostridiales	0.9437847481285877
9bc0ac97e9fbcfe16120fefb393b163a	k__Bacteria; p__Firmicutes; c__Clostridia; o__Clostridiales	0.9397632151789256
54324e5a4e374a3c3bff0ff772576438	k__Bacteria	0.9894178670228064
92e4ebf28cd7c990cbd2162c54500987	k__Bacteria; p__Firmicutes; c__Clostridia; o__Clostridiales	0.9423874959506312
f255bab79f40e327183cee3f5d0cee93	k__Bacteria	0.9884266547929792
3ff0889a3836f5dce40c7289b380925b	k__Bacteria; p__Firmicutes; c__Clostridia; o__Clostridiales	0.9405761934225623
a3f3703fc28e9147f8268cd587cd4ab0	k__Bacteria; p__Firmicutes; c__Clostridia; o__Clostridiales	0.9421422957758433
ea02169a410ac1bae9e51a83f3441252	k__Bacteria; p__Firmicutes; c__Clostridia; o__Clostridiales	0.9382728376362308
5c5acc6be46dc065deb3ad7d762a8e01	k__Bacteria	0.9898151756353395
3594b424c9ff2dca97b2b437300c0cd2	k__Bacteria; p__Firmicutes; c__Clostridia; o__Clostridiales	0.9420693156438282
2e137c447264574333e0a8a5c6f3d756	k__Bacteria; p__Firmicutes; c__Clostridia; o__Clostridiales	0.931581351922694
5c726c587a91c8978c52de4b75b80170	k__Bacteria; p__Firmicutes; c__Clostridia; o__Clostridiales	0.8009291469356341
db76a936fc0ace2462eb0b2ca8aa6fa7	k__Bacteria	0.9984019197182451
665e51cc16c82c939c876ca25d3aadf8	k__Bacteria; p__Firmicutes; c__Clostridia; o__Clostridiales; f__Lachnospiraceae	0.7340395176242334
a7411c8a975aadbf89f54bbb405505af	k__Bacteria; p__Firmicutes; c__Clostridia; o__Clostridiales	0.938095356005528
55f7f4bb0ff074db7c27df445af8cd96	k__Bacteria	0.9886290554513
abdb08b82508e1c20715e65713667156	k__Bacteria	0.9981125293890446
1aa5b05e8562d126ffa76369feae15f1	k__Bacteria; p__Firmicutes; c__Clostridia; o__Clostridiales	0.9452066320555383
3244c4638000572515fe971ede63a5d6	k__Bacteria; p__Firmicutes; c__Clostridia; o__Clostridiales	0.9410654097858304
4a620c5fed4300be1742643ba39f98da	k__Bacteria	0.9918298163824969
2f1f223be9d4d46965cf8531ecec1f3d	k__Bacteria; p__Firmicutes; c__Clostridia; o__Clostridiales; f__Lachnospiraceae	0.7421514525760623
92b03f5a8d8b798a4800654d738911cf	k__Bacteria; p__Firmicutes; c__Clostridia; o__Clostridiales	0.8242709679113926
4e864a490e1d3fda97bc7390402c884e	k__Bacteria	0.9982832692883694
3d25ea8b5f7c09faace690e7aa183883	k__Bacteria	0.9983896084658723
2bc746497211abbe73e6c83c9378d2df	k__Bacteria; p__Firmicutes; c__Clostridia; o__Clostridiales	0.9343272203482018
1e22d07d2c4893bcb24e82ab668d073b	k__Bacteria	0.9909420210002974
8e46aff01a96ab20972ca6ea4c577e55	k__Bacteria; p__Firmicutes; c__Clostridia; o__Clostridiales	0.9382839546323415
bf1119a6f263ee92b56ab5265823ef1f	k__Bacteria; p__Bacteroidetes	0.9167067493886304
68ff9342caeb72703b5dd23befd77f08	k__Bacteria; p__Firmicutes; c__Clostridia; o__Clostridiales	0.9382701743913798
c620dd653ebd1b268caed604b56125b7	k__Bacteria	0.9947663705118692
d1c2c4a9550ed14547b1bc6c755e8530	k__Bacteria; p__Proteobacteria; c__Gammaproteobacteria	0.7458737053996236
0c191300bf1ba347f6e96c00179b6d4f	k__Bacteria	0.9932523216178784
c626d28488e8664f879d1005c899b475	k__Bacteria; p__Proteobacteria	0.8673208367101785
a7dfcd23994f28db4bd2f0b3c19a8647	k__Bacteria; p__Bacteroidetes	0.915110154373533
8e841f51807dbbd33d817b836d180285	k__Bacteria; p__Bacteroidetes	0.9498507753454399
a1a14d1a0875dc35471688a3e536e42b	k__Bacteria; p__Proteobacteria; c__Gammaproteobacteria	0.7102398780972746
2f2be4ec8d9d5d19f8d77e6f296a0916	k__Bacteria; p__Firmicutes; c__Clostridia; o__Clostridiales	0.7957872679971911
be3ac02641f814e569c8438ae77328e4	k__Bacteria; p__Proteobacteria	0.8681191197487276
55470bdb65876c8b9f8be8cc0795697c	k__Bacteria	0.9926973052617932
af8ffcf383391a2679cc9a7e5bc3b6ff	k__Bacteria	0.9981205703469196
e3814d2d55677c63ff39799169459adb	k__Bacteria	0.9980140755382098
cd665b09f275e63642bdb5e51d0f1646	k__Bacteria	0.991819835441831
d54fb0a0ac3707d434d68019d9d169eb	k__Bacteria	0.9937360109208816
31201cd8a4388231ee4e87e6e1ed29d1	k__Bacteria	0.9894607131974532
f9289b70384d5b935c1e6ca6920e3524	k__Bacteria	0.9958164839407774
428969a4a179bdf22fe92cb0fc4187e6	k__Bacteria	0.998732261521082
40ac5d3e83fceab9a455a5d5f95aca55	k__Bacteria	0.9888045520558215
96440ddebb244e35c7e396f7307e78a8	k__Bacteria; p__Proteobacteria	0.8548067635586069
3ef5da7930dcd5ee25fc0809e84218b0	k__Bacteria	0.9793914086115559
b7552469abf4bcd228bcb9e87a15669b	k__Bacteria	0.9982086996600262
dead5f3470776ec407b2da303e4ce1a0	k__Bacteria	0.9901039601436605
deae9d2166bc04337d881f95e2766f9d	k__Bacteria	0.9941623165558057
c3606ab3bcd445fce84167d6d006eb24	k__Bacteria	0.9984233517275469
5db270fc40b45521953f6ab7e69d1e54	k__Bacteria; p__Proteobacteria; c__Alphaproteobacteria	0.9872852506777078
220ef9fa0aecb7c6f62a14fcce3d100a	k__Bacteria	0.9985151466076624
c3b5012f42ad92f7ccdd058d0528e3dc	k__Bacteria; p__Proteobacteria	0.7949456961487009
9eb4378b0a9b6654647522e053610c01	k__Bacteria	0.969503750875128
9ed30535ee4469b9dff8c4aa8718d4bf	k__Bacteria	0.9878947705063751
ded29ca4284c9bd2e313eb301451aaf4	k__Bacteria	0.9933523424677055
a71602f0f1314897a6319eab997d5f18	k__Bacteria	0.9893942942053537
222cb36e4316bca09087670d63a72ab9	k__Bacteria	0.980274991429264
ceb8d39d806bb3462b3928ed68a53595	k__Bacteria; p__Proteobacteria; c__Alphaproteobacteria	0.9854133989164383
80b204888598c78f4fb28b3250e7b91e	k__Bacteria	0.9988695772392048
6113cb3bd03edab27967839f1b637dcb	k__Bacteria	0.9903894326820114
02758375594fa454ba03ce4c51c0efc4	k__Bacteria	0.989494843339289
5b25f096be15da5444198e4c799030ae	k__Bacteria; p__Proteobacteria; c__Alphaproteobacteria	0.9856384476906626
296468756dfde98c1195d587aee870fe	k__Bacteria	0.9918924067294925
a533fc3fe4787db1db14cc4f010270ec	k__Bacteria; p__Proteobacteria	0.7603157974308076
9538fcadb13fe4471c51f496be1e9dd1	k__Bacteria; p__Proteobacteria	0.8601637539760716
e3b0752c33d925da8993624151981906	k__Bacteria	0.993423319520653
1ea4a7f6a801dbec763cd9adf83b723e	k__Bacteria; p__Proteobacteria; c__Alphaproteobacteria	0.9786144932735589
e2fdc69b3b5863bfeee4bdd1452b784a	k__Bacteria	0.9964005622305451
f138cc3862b18a1eed4eb6aae2c1e60a	k__Bacteria	0.9934698305004945
3abac67eb1fea850bb7be0172a981d70	k__Bacteria	0.9910107930139556
b515470cf5cac172637c4d0d514908ac	k__Bacteria; p__Proteobacteria; c__Alphaproteobacteria	0.987034929443413
062b1745d0e4092da16fb25cf3aec693	k__Bacteria	0.9938171097878506
c50a1ae3224b4895eb7e82a95748463f	k__Bacteria	0.9943049627083723
4623549d3229103e712c77656fe1e290	k__Bacteria	0.9947273697571298
8b453533ccb6da9bb870e143e5f4800d	k__Bacteria	0.9939705829779008
d0eb2236aea1510a33c5fb8272032fe1	k__Bacteria	0.9944535515615438
7d4cd2b4d939d9acf38c91021316adf9	k__Bacteria	0.9934679861869701
8caae3cf49f2d8a591b8b0298aed8f7a	k__Bacteria	0.9940193049597364
704a5fa6fbd778307079bc820fe5dc72	k__Bacteria; p__Tenericutes; c__Mollicutes; o__Mycoplasmatales; f__Mycoplasmataceae; g__Candidatus Hepatoplasma; s__	0.9999997402771239
434c97c8a8f5d18cdfd60810caea5610	k__Bacteria; p__Proteobacteria	0.8953116134412
7cdd16e3beea1c29cc07833f399f6bca	k__Bacteria; p__Proteobacteria	0.8441829704944381
4f188f84c28016769e5c9de6f9c79959	k__Bacteria; p__Proteobacteria	0.7697918314517327
784f817ed654c4a755fceb17c40da0ea	k__Bacteria	0.980119528631165
7d82f33d27a35ade319a1444d2f51c0b	k__Bacteria	0.9824903167304784
9974466ba6b8c4ac67a93fb8957215dc	k__Bacteria; p__Proteobacteria	0.7056931184964301
d1b066e691471d6404cdd7be3acb11d4	k__Bacteria	0.9798657338756582
afb00120b3a0307e93f5cf9d51c59053	k__Bacteria	0.9761831157615108
824e0aa98133719633c8db3eeb8ce441	k__Bacteria	0.9804107374057756
113c2a41acb249374d83d38d2253e17a	k__Bacteria	0.9820370637951733
5f4758a2b26fb2c1bf7d04d2f0115993	k__Bacteria	0.9863507172710636
e121fb6e160db5e95bbdadd8e0e9b03f	k__Bacteria	0.9928006053626187
25cf2c95b39a2f69d31f01cbc553f5e3	k__Bacteria	0.9872001196886212
78023038966b2346046549ac5142b558	k__Bacteria	0.9934741053391524
94db781e6093026239242fe236f7256c	k__Bacteria	0.9942084676723698
850be036088dcb200456bd589827587c	k__Bacteria; p__Proteobacteria	0.8451139240354926
b6ec2cd5e26cd9f489e430a80789208e	k__Bacteria	0.9981266436163362
1588838727c98ceed45867ad95116962	k__Bacteria	0.9832700609423972
21721a1f26a9ff159d66b82078d3c10a	k__Bacteria	0.9883793717535425
53e97e340d40279821427048f81da5f2	k__Bacteria	0.9775012799949993
1cbfec36a9153fbaf75a4110ca5a912c	k__Bacteria	0.9912593044194943
7eeef63e88edb132b62b1147ebbb153b	k__Bacteria	0.9866946729596362
046ad8df59d48f0099e6a3829a842ca1	k__Bacteria; p__Proteobacteria; c__Alphaproteobacteria	0.9842580422493353
9e3ff42964b64cd59e5b70e77a09984c	k__Bacteria	0.9816011668780298
da7402072895843785c081196ead7c81	k__Bacteria	0.9869727951135062
7e0a586880db91fdd1ea6f0fabdfce4a	k__Bacteria	0.9851271013141123
5ea00302eb314c1cb002e1b9b47ef02a	k__Bacteria	0.9807395799481938
0b35d643e14ab53dc8e7633b305a477e	k__Bacteria	0.986971474537228
6eba2588d1c146e460579c6503834341	k__Bacteria	0.9794953779118045
1716ea719ac6fb2dc12574108a25adeb	k__Bacteria; p__Proteobacteria	0.860656915874934
1c6feb15a9e2a30d0864c89fc22dca47	k__Bacteria; p__Proteobacteria	0.8298346354071399
0f1d18c4ceee12fde7ae41879ba2d880	k__Bacteria; p__Proteobacteria; c__Alphaproteobacteria	0.9890867180679839
9ca72163a96bbb0ff056c1261ab422c4	k__Bacteria; p__Firmicutes; c__Clostridia; o__Clostridiales; f__Ruminococcaceae	0.7822801227749114
60eb1b2da31fd94ca109e85b586384bb	k__Bacteria; p__Proteobacteria	0.7940820850277767
68edbc888ede4e77624696e803ebe71b	k__Bacteria	0.9852026270679475
993cb4131efff0a0e1050f7485f530fd	k__Bacteria; p__Proteobacteria; c__Gammaproteobacteria	0.7319350191077739
50072cdabc13ca07225b752a5b477d74	k__Bacteria	0.9864234600042963
8f46db05ddc5cd118db517d78c1c3881	k__Bacteria; p__Proteobacteria	0.8039445943033714
1022c5ef023501b836ca36db469b5259	k__Bacteria; p__Proteobacteria; c__Gammaproteobacteria	0.7521100634224844
8e96e309f246ead623ed3c5d0df3adac	k__Bacteria	0.9925034240665269
fb922166cb14fce7b4c308c7965101d5	k__Bacteria	0.9855727649306655
7d39f2c49785d0422355be2f1024183a	k__Bacteria; p__Proteobacteria	0.7909201264242754
5f457342fcb6e7bb23347a09952fecaa	k__Bacteria	0.9908524284392843
50cf9bf091252276a57ccd92b3f397b2	k__Bacteria	0.9928064642329754
978a8c5d58e73ef0a27d512ba8c6ad8e	k__Bacteria; p__Proteobacteria; c__Gammaproteobacteria	0.7179193646176983
fa9117507bbe2d29ef3473dae6bce34e	k__Bacteria	0.997880893116783
87d2546853c727d4788f7a63a222cbb8	k__Bacteria; p__Proteobacteria	0.8722063305244627
03ecf5992932183c4dea543d9be33fa8	k__Bacteria; p__Proteobacteria; c__Gammaproteobacteria	0.7498327306911164
76d84c6e4fb805fd77d565c8b41f4e42	k__Bacteria	0.9913692642097885
2fd05670187bba7764e845658d047dfe	k__Bacteria	0.9974419992707025
3fffa67c4dc69b66da41fa995dd8dd30	k__Bacteria; p__Proteobacteria; c__Gammaproteobacteria	0.8157381323288649
d4cc840c87569b815703f7e773c5f807	k__Bacteria	0.9978258585622171
8cf040101c3d27d75dba4d42784eec81	k__Bacteria	0.993262129329343
5e9b81c4ec3a89fef4866cbd0a9f370d	k__Bacteria; p__Proteobacteria	0.8506740557503697
4a343b4316f74332a29305c19556cd07	k__Bacteria; p__Proteobacteria	0.9052098893976429
9517293dac2866e3b713fd85a7148c91	k__Bacteria; p__Bacteroidetes	0.9192536438883929
24e3251cb7d33193d029e91b657aab5b	k__Bacteria	0.9803635080959061
7d4504f6335d0c8e4eb4eaf7c07c01e1	k__Bacteria	0.9798165163171458
b048c5bd9c4c63b0daa0d60ecdb77d6a	k__Bacteria	0.9964748001267194
2bf79959c3f2c4dc0a6b33852f6909c5	k__Bacteria; p__Proteobacteria	0.8700034449033367
93bc66202c010a3127aba63a4d964e9a	k__Bacteria	0.9941952698476471
c35cab469972cdeaa621cc17a3072ef4	k__Bacteria; p__Proteobacteria	0.816760338703919
ee47f48e8bbb96a2552bbcb445245e90	k__Bacteria; p__Proteobacteria	0.8403515687966164
931871f82c0377770ca57b5712ab4472	k__Bacteria; p__Proteobacteria; c__Alphaproteobacteria	0.9909589876506911
e6597b85643b525c0b40feaa92a004dd	k__Bacteria	0.9842957144138669
7025fc975c6d41a32eb3b54287f58b95	k__Bacteria	0.9914418814684461
d7b4e7ffc75e6b4ab29b1f4ceb4a5855	k__Bacteria; p__Proteobacteria	0.8198605834045427
2a5021163bb329fc9209d2daba62d06d	k__Bacteria; p__Proteobacteria; c__Betaproteobacteria	0.8472144421089564
2fefe66d86d370dd849ca425959d7e17	k__Bacteria	0.9952100805477708
277025a78de7ea3e6b6042cd9b9d6641	k__Bacteria; p__Proteobacteria	0.852891635954512
497dfde3a3f953f035d93fef7768e630	k__Bacteria; p__Proteobacteria	0.8320414701243097
ecd6e8daa0aa5e80a226237f5df36def	k__Bacteria	0.994852251304188
5464aeb4444b4ceb8069e7eb9184cc63	k__Bacteria; p__Proteobacteria	0.8363541591389434
24a056acbf7003d0a66cc8118e792dd7	k__Bacteria	0.995676111752108
d1341544013f466295b3049d3f690f30	k__Bacteria	0.9949840972424582
2178d8a321bacfa3469a6fc1f2a44c17	k__Bacteria; p__Bacteroidetes	0.9303234239362145
14046d31847d6203aa281ec524fcefc4	k__Bacteria; p__Proteobacteria	0.8555666554500847
7f25f3f7a4b21325ae7630d3e977397a	k__Bacteria	0.9941086515543398
1d7296aa103394854158fb3860af5fb2	k__Bacteria	0.9957322420751306
a8f31a07a624dc828b7d2e082361e53a	k__Bacteria; p__Firmicutes; c__Clostridia; o__Clostridiales	0.7778201948032443
c09b5b9c52087a9d195c2e7cfde98335	k__Bacteria	0.9991807555111312
9aed6dae78062d0847056d780898b36f	k__Bacteria	0.9836195852409771
1dd5299cf186ab443312f1df05522112	k__Bacteria	0.9926782941524546
909dc2a3ebf8119feaba836318720e72	k__Bacteria	0.9795819977084601
61a74a1975b80169ba19cc8584cef3b7	k__Bacteria; p__Firmicutes; c__Clostridia; o__Clostridiales	0.7829170599972581
cb1f5868222ff56031c4b2fdc7e4ed35	k__Bacteria	0.9918390428863848
9f6e1815628d2c5627c012a7c81513ad	k__Bacteria	0.981466746214162
fb62a85b734e611b8ae36b43550b6ddb	k__Bacteria; p__Proteobacteria; c__Alphaproteobacteria; o__Rhizobiales; f__Rhizobiaceae; g__Rhizobium; s__daejeonense	0.7324452519474752
f9c8eb7453b3d4cda47af8fc10787d75	k__Bacteria	0.992627758947343
8d65600b086d44d6185f5bacbccbf058	k__Bacteria	0.9814610706828969
901a0e3bd4ab27c5a636aeb281a8bddb	k__Bacteria	0.9892684026066967
418f7035afc91b97503b188e846cd30b	k__Bacteria	0.9819882991708319
662c9dca18397a6921f457427020ba64	k__Bacteria	0.9851850244444726
2da9b60298d2d585f46cbea69d097c81	k__Bacteria; p__Proteobacteria	0.7704283816751365
7e1fb23e8453ddff3f1b1523abd789b9	k__Bacteria; p__Proteobacteria	0.7949191034709637
82763ce862f3de655055903bb2371224	k__Bacteria	0.9989964919880692
42adf37a20e7064c61302fe634c4d207	k__Bacteria	0.9989656908259182
84f5e4fa94884a9a23dbd9287b192921	k__Bacteria; p__Proteobacteria	0.8021213819621706
b93a8b3aa0c4f2abfe3e8007939a3320	k__Bacteria	0.9849891655911017
2c96e9be819c0e1389bbed84b969d3da	k__Bacteria; p__Proteobacteria	0.9801150322907531
40b13efc775f7a3f4f8787cbc66d3a5a	k__Bacteria; p__Proteobacteria; c__Alphaproteobacteria	0.9908873736825716
cb31911a8951ea82c972032aee7ee429	k__Bacteria	0.9943524360720497
3591dde30ae0bb6b1211926f68d6df39	k__Bacteria	0.9911769194948782
58a8430477647ad889da8b3f874b8b15	k__Bacteria	0.9933202797609448
b84e11661c42dcec543daa2bd53d7b57	k__Bacteria	0.9930803604505772
e0e6af9057c3889923aa0c419d671e35	k__Bacteria	0.9914127842709877
7e3b484b388e5dce802139dc85cbb949	k__Bacteria; p__Proteobacteria	0.8557948941015487
7be9e544c8f4859231e66089fc1d853a	k__Bacteria; p__Proteobacteria; c__Gammaproteobacteria	0.8121232503442662
b10e9aa6d17cd34b1c4aba9bc80dabe8	k__Bacteria	0.9913988439688494
7f2061c4b020bb8b99b237adafcde360	k__Bacteria	0.9803469742978043
6c28c66082c2e7a987d55b2723a993f4	k__Bacteria	0.9890589536136023
840fbb5374d20651a3c611d1de069761	k__Bacteria	0.9854644221237352
eb0ed66b8dcae50d24a5eafb16ba0924	k__Bacteria	0.9889842606401016
c058f9e0ce3daffa6c47bb973c335331	k__Bacteria	0.9848808970788018
ea8c112cd285db35f8bf03662e3e4a79	k__Bacteria; p__Proteobacteria	0.842539951187502
5a69e01fc9a5ca93a991fe7aaa743893	k__Bacteria	0.989823912340207
6a4f2666e419a1e8dc240237c4d8bb8a	k__Bacteria	0.9899752567976211
d809f3ea7f96a97f4ce4f07cf5ebe288	k__Bacteria	0.9883422961281166
70d9c68e4a735cdd873cc5b2548c96b1	k__Bacteria	0.9988249061348861
98c9208c8eac71b61f5710897ac23f8c	k__Bacteria; p__Proteobacteria	0.8197743231086988
a13f8cbd5d80b964d984b12c57aa2b56	k__Bacteria; p__Proteobacteria; c__Gammaproteobacteria	0.8165523557379077
e1657862b3a0e59b4b387669b0bf1d1e	k__Bacteria; p__Proteobacteria; c__Gammaproteobacteria	0.8543260024824465
58bcd65a24074da795f0d9195a6b331e	k__Bacteria; p__Proteobacteria; c__Betaproteobacteria	0.7173898709732578
bf08221bf44669458205d03aad33a684	k__Bacteria; p__Firmicutes; c__Clostridia; o__Clostridiales	0.7197089456505983
7d5e0ef91b3a5f593805686366802b1e	k__Bacteria; p__Firmicutes; c__Clostridia; o__Clostridiales	0.7907868255422184
8f01a8e5e76f364ac883d5034e5f371d	k__Bacteria; p__Firmicutes; c__Clostridia; o__Clostridiales	0.7483187065637144
7eaf66b7e268859fa9345891c22dbffa	k__Bacteria; p__Proteobacteria; c__Gammaproteobacteria	0.719448403670218
d2cc2afbc6bbcae0cdbb26e28e24a445	k__Bacteria; p__Proteobacteria	0.9002223117815251
632104f10cdc18c8b3205bb5ecc1444d	k__Bacteria	0.9976950076632445
8bc0ebe766791f5e6bd3ce036df05d4c	k__Bacteria	0.9935592782170705
fd523a1f4d9b6810105a7c85fcaa8922	k__Bacteria; p__Proteobacteria	0.7987429736922064
67a0fea9c42d80285bd96de65147db08	k__Bacteria; p__Proteobacteria	0.8306200814102287
bae173de992cb75f0087810564615b92	k__Bacteria; p__Proteobacteria	0.8072504805216698
82a76fdcfebd55d22752a38c983c0030	k__Bacteria; p__Proteobacteria	0.8326493470226514
504ec88d2dc2b502593c037f7f25eba2	k__Bacteria; p__Proteobacteria; c__Gammaproteobacteria	0.7997319350143336
02baf3561197c3c5347909382f4c9ca4	k__Bacteria; p__Proteobacteria; c__Gammaproteobacteria	0.8416947825616229
39ec97ee022ec542d927940a0b17bc02	k__Bacteria; p__Firmicutes; c__Clostridia; o__Clostridiales	0.705339045645253
f6538e52051a96a39bfebdfac11b97ad	k__Bacteria; p__Firmicutes; c__Clostridia; o__Clostridiales	0.7475507482587346
6e6db0198c9a9b64f302ce813b9f1bf0	k__Bacteria; p__Firmicutes; c__Clostridia; o__Clostridiales	0.7338407174191768
349c1f219a7a05db97c42de2672899d4	k__Bacteria; p__Firmicutes; c__Clostridia; o__Clostridiales	0.7006669202237316
d1ac129a457d6f79067737f8535445fb	k__Bacteria; p__Firmicutes; c__Clostridia; o__Clostridiales	0.7222420587844962
7095fb82e1f0c82e130b64fb47f84f4d	k__Bacteria; p__Firmicutes; c__Clostridia; o__Clostridiales	0.7135309688168607
baae0eeb582f19aee375e3d7f58aae37	k__Bacteria	0.9937525864016545
16fa03c951e549079f4af70ae2624994	k__Bacteria	0.9896206190951633
45b9a842d41ceee049b762fb5509033c	k__Bacteria; p__Firmicutes	0.712275022129702
e05bb30633f20726128563d311988a06	k__Bacteria; p__Proteobacteria; c__Gammaproteobacteria	0.8563787507344415
25e663e149387547ab5612f5980148c9	k__Bacteria; p__Proteobacteria; c__Gammaproteobacteria	0.7967941664308792
e41a74847fdf4dcb33409a342790a980	k__Bacteria; p__Proteobacteria; c__Gammaproteobacteria	0.7983866175452016
c229279795577267f5abed0ec48c617e	k__Bacteria; p__Proteobacteria	0.8068361605026183
