sample-id,depth-1_iter-1,depth-1_iter-2,depth-1_iter-3,depth-1_iter-4,depth-1_iter-5,depth-1_iter-6,depth-1_iter-7,depth-1_iter-8,depth-1_iter-9,depth-1_iter-10,depth-631_iter-1,depth-631_iter-2,depth-631_iter-3,depth-631_iter-4,depth-631_iter-5,depth-631_iter-6,depth-631_iter-7,depth-631_iter-8,depth-631_iter-9,depth-631_iter-10,depth-1262_iter-1,depth-1262_iter-2,depth-1262_iter-3,depth-1262_iter-4,depth-1262_iter-5,depth-1262_iter-6,depth-1262_iter-7,depth-1262_iter-8,depth-1262_iter-9,depth-1262_iter-10,depth-1893_iter-1,depth-1893_iter-2,depth-1893_iter-3,depth-1893_iter-4,depth-1893_iter-5,depth-1893_iter-6,depth-1893_iter-7,depth-1893_iter-8,depth-1893_iter-9,depth-1893_iter-10,depth-2523_iter-1,depth-2523_iter-2,depth-2523_iter-3,depth-2523_iter-4,depth-2523_iter-5,depth-2523_iter-6,depth-2523_iter-7,depth-2523_iter-8,depth-2523_iter-9,depth-2523_iter-10,depth-3154_iter-1,depth-3154_iter-2,depth-3154_iter-3,depth-3154_iter-4,depth-3154_iter-5,depth-3154_iter-6,depth-3154_iter-7,depth-3154_iter-8,depth-3154_iter-9,depth-3154_iter-10,depth-3785_iter-1,depth-3785_iter-2,depth-3785_iter-3,depth-3785_iter-4,depth-3785_iter-5,depth-3785_iter-6,depth-3785_iter-7,depth-3785_iter-8,depth-3785_iter-9,depth-3785_iter-10,depth-4415_iter-1,depth-4415_iter-2,depth-4415_iter-3,depth-4415_iter-4,depth-4415_iter-5,depth-4415_iter-6,depth-4415_iter-7,depth-4415_iter-8,depth-4415_iter-9,depth-4415_iter-10,depth-5046_iter-1,depth-5046_iter-2,depth-5046_iter-3,depth-5046_iter-4,depth-5046_iter-5,depth-5046_iter-6,depth-5046_iter-7,depth-5046_iter-8,depth-5046_iter-9,depth-5046_iter-10,depth-5677_iter-1,depth-5677_iter-2,depth-5677_iter-3,depth-5677_iter-4,depth-5677_iter-5,depth-5677_iter-6,depth-5677_iter-7,depth-5677_iter-8,depth-5677_iter-9,depth-5677_iter-10,Size,Proportion,Reef_Habitat,Current,Location,Latitude_Longitude,Alignment
E7,-0.0,-0.0,-0.0,-0.0,-0.0,-0.0,-0.0,-0.0,-0.0,-0.0,4.6666668635367285,4.795694064792632,4.8140092734804,4.815243877609457,4.722353039978069,4.686545810063826,4.685725581667513,4.6995882206648245,4.714635076849569,4.794540395591274,4.774724669329624,4.832581272946778,4.801098486348108,4.814410150230388,4.80430381211406,4.868307711976118,4.800017370562755,4.791386974315748,4.883037629877119,4.831614393375685,4.825922589705293,4.79254766848669,4.794948888726444,4.798746199494565,4.8500100364283805,4.811626630860668,4.851025542710802,4.7893574592175705,4.817073813971076,4.77039966371506,4.861547309649988,4.775561535689848,4.808674617401174,4.873403965278864,4.856551364744745,4.840422253800624,4.833964447781817,4.798622545989122,4.7880519439649945,4.8529922014059395,4.8218328416387,4.810917911403588,4.826762315281571,4.809404792973827,4.841621356580142,4.810177441298149,4.826730730109349,4.829528183256075,4.802736841452547,4.826736285722768,4.859711238616645,4.846472182108111,4.833313280853729,4.835641455891483,4.845749732965172,4.829972271294786,4.825547098558771,4.827038643954961,4.845544792986524,4.83838681507163,4.83172101485506,4.826743502121753,4.841113444714258,4.82557206745592,4.858896242532277,4.841507285423016,4.848654127930759,4.817201344068737,4.830343457806901,4.81923715203659,4.833484420680618,4.827198167102934,4.845807121020918,4.840221426455766,4.824000883550739,4.842616055871087,4.84939748329571,4.8436882107213215,4.8445365740513395,4.852907680689067,4.836371864949712,4.846160192742769,4.850656382523286,4.844650133063856,4.827907064994845,4.836658751163856,4.851038860598781,4.850884405344223,4.847045329052743,4.839070866662514,ThreePointFive,Large,Reef Rubble,Medium,Culebra,"18.302451, -65.309386",East
H1,-0.0,-0.0,-0.0,-0.0,-0.0,-0.0,-0.0,-0.0,-0.0,-0.0,4.507696325654951,4.39152768607955,4.400939342328272,4.501891135139858,4.383645892430234,4.521768225039875,4.438836116284929,4.487547970518104,4.360966240468189,4.426958964617364,4.562347120243178,4.497228871053965,4.641969403835203,4.661064517563172,4.534135341042174,4.644446166394351,4.621680451117079,4.531208398962693,4.547569897832857,4.690132269521146,4.58092759730411,4.57920839141641,4.584195431113896,4.641419207092161,4.629218340214976,4.629617261242167,4.574872059995606,4.62143147350753,4.615324465312402,4.6563878357474175,4.6562293926522615,4.679409354682906,4.61732854865549,4.63777197378245,4.5938365328833175,4.622983564642326,4.604683735900734,4.643917532645867,4.598443398408856,4.604309807408023,4.659002987661908,4.61140431666209,4.611260582002967,4.6199627945619355,4.637509897974701,4.589024148033861,4.626429915536244,4.6403591291868205,4.634197411486804,4.604070806657801,4.621368080467518,4.656760039277821,4.608521127045133,4.6404187775986,4.607784666543242,4.5875326508109495,4.611961953996228,4.618929707533086,4.666642783439168,4.643212422964617,4.634732150675162,4.625289031612345,4.630354337013309,4.645572182648382,4.647335191959198,4.6233612272422135,4.6589790481656435,4.605281471212789,4.625477477611389,4.622081210820424,4.625681560449421,4.629601312268568,4.619276346150834,4.636922046052016,4.621987753886392,4.630345343565906,4.6342589881297105,4.629642765721786,4.633052125889336,4.631487079569428,,,,,,,,,,,Two,Small,Rocks,Calm,Guanica,"17.934784, -66.957102",South
D1,-0.0,-0.0,-0.0,-0.0,-0.0,-0.0,-0.0,-0.0,-0.0,-0.0,4.752233335221865,4.779064445877067,4.838919323648658,4.840621934373129,4.814065061028923,4.7754136194517125,4.68486624602084,4.900010946982551,4.724347380018227,4.9754488506637555,4.805771829730771,4.853096431009778,4.801781482258556,4.797998725870867,4.854220180859691,4.837476519304343,4.823285505261478,4.821352160286659,4.852509646221402,4.8468384932639434,4.8638365186746455,4.8376009180173645,4.847150061119894,4.891512134105341,4.804589610663847,4.939840138626825,4.886659400989381,4.863588167140672,4.8841610350703295,4.887283899400703,4.8934168978423,4.87617697761011,4.833098521580464,4.960932301839375,4.91661639193962,4.890894500474043,4.896123867010088,4.9043602106949615,4.899201512661092,4.9172924528734585,4.913571194437357,4.931059590001698,4.926895811931835,4.89613459135977,4.943158153441871,4.864093097880462,4.91190165552552,4.916547750286682,4.897693890351468,4.891398929364978,4.90819890260925,4.883031205292113,4.9434425293860595,4.924193475740796,4.946591576348632,4.901935914391072,4.937086067055254,4.921033265880985,4.897385760589791,4.93590553610804,4.927296667036041,4.919683392737086,4.9184114525633955,4.904810881577979,4.892729365739787,4.913466947372719,4.906917547400007,4.8990372921411565,4.942684063804042,4.909288392532171,4.924723841028071,4.926477161024816,4.9313060151424795,4.934066092736354,4.9037636043299795,4.930959662450215,4.925438188640146,4.942633562305026,4.946257260962671,4.927753174759616,4.920359849035431,4.920116937333566,4.916922876588021,4.930035605434799,4.899659135024464,4.916871637073485,4.9199812427383645,4.930376271420528,4.921641721696053,4.9157237943970475,TwoPointFive,Medium,Seagrass,Strong,Luquillo,"18.387573, -65.719616",North
G6,-0.0,-0.0,-0.0,-0.0,-0.0,-0.0,-0.0,-0.0,-0.0,-0.0,4.774104465751686,4.657336649997067,4.676566788675753,4.6939145512432585,4.740824268817188,4.661692557053087,4.758041586233943,4.807776884463935,4.864435102771983,4.653505351251558,4.669929956400963,4.85012852097265,4.8288098359668385,4.720881041507187,4.7248211908515145,4.729716506120181,4.689659543565953,4.764580484874903,4.695900939692604,4.8268627251629805,4.854451783157079,4.842889355298769,4.732398757869164,4.784442803601335,4.764373346542742,4.7367150595929415,4.813756915040059,4.70895906647828,4.685065274022289,4.784311912844653,4.75779702975359,4.759824848098178,4.759075540936507,4.750438337166061,4.80353549013545,4.769415795023643,4.801108251296435,4.744831249026959,4.722799519393305,4.821938840570922,4.795838850222357,4.793607640483171,4.770802679393593,4.778617047658929,4.784382183539889,4.8063050351132475,4.757528160441031,4.770133900028646,4.795637525729535,4.826952697546864,4.785302806481892,4.781963407399529,4.790037140904504,4.8148566259067085,4.814945653935778,4.791372927868259,4.804322109502993,4.807286375204137,4.804566993634897,4.8289619627697045,4.797082736807764,4.7999678655131905,4.771082878904212,4.7852718446629146,4.769270761522338,4.8052475506432675,4.793028975019615,4.76250331555644,4.800399321784453,4.791093093310118,4.79199404700993,4.802036771029517,4.788030499704086,4.793853265532842,4.799955014535798,4.792396085743561,4.77655183055234,4.792286031222873,4.800295219521045,4.8020863476884985,,,,,,,,,,,TwoPointFive,Medium,Spur & Groove Reef,Medium,Ceiba,"18.218831, -65.604282",North
G4,-0.0,-0.0,-0.0,-0.0,-0.0,-0.0,-0.0,-0.0,-0.0,-0.0,5.388146029602269,5.349962817464287,5.359243110379267,5.317452742788601,5.352421324668888,5.314415703478857,5.339800380702273,5.3930986822674845,5.364364027931656,5.295007061812774,5.290918259701017,5.427470207565947,5.354421886235998,5.390034597148246,5.412422147898843,5.409729236243776,5.377608255621843,5.349863258190289,5.402117098720713,5.334328602685733,5.379115570410134,5.420527699583271,5.455147870184612,5.388182854646699,5.379879643882938,5.432711727936625,5.404883757264332,5.360743083994958,5.386511696524279,5.354771370170454,5.437687154394498,5.428009324076926,5.4043836876876945,5.386506952330522,5.378074772426589,5.43760180255003,5.3807368629304895,5.429359454947598,5.420742990195812,5.386751383717967,5.420321144058805,5.430549493333938,5.424703393334579,5.412511679301045,5.406148361367118,5.409784057884462,5.403901619546216,5.404291124908432,5.442084700722744,5.396507629498026,5.418614503253197,5.43454080719795,5.414951419274247,5.438820890553782,5.424351624299278,5.439835173519091,5.416825673394914,5.432561832131722,5.429895569995749,5.411368706906523,5.431432506393149,5.427200752963161,5.435152784756656,5.422414808932408,5.425937029227303,5.428619540417697,5.4309950569900804,5.438208625725011,5.436308665174864,5.4364938887905785,,,,,,,,,,,,,,,,,,,,,TwoPointFive,Medium,Spur & Groove Reef,Medium,Ceiba,"18.218831, -65.604282",North
G5,-0.0,-0.0,-0.0,-0.0,-0.0,-0.0,-0.0,-0.0,-0.0,-0.0,4.882385050042658,4.876037789338689,4.635852493734061,4.823552978957868,4.773455020405108,4.78637647890359,4.830933543942236,4.748153488354784,4.775271494071644,4.7483693120664245,4.89983089171804,4.806107772730079,4.733783931457202,4.830855041731686,4.839330598257127,4.70162413109529,4.85197700834208,4.789632101141416,4.838243650959177,4.743963353398047,4.893720899738515,4.816033859322174,4.876090639677159,4.857177865179847,4.86394256981077,4.835210733682596,4.875796514665299,4.907394493209897,4.823843634406405,4.824949456183499,4.883190778969486,4.856898418358286,4.825681048326978,4.849486309240275,4.845148544245851,4.877577087414179,4.823056029814383,4.836630771919656,4.858001369967288,4.884070298471976,4.854069529903966,4.84617700554433,4.869569478206069,4.909132375341265,4.883613222257543,4.851054104571457,4.88693792633638,4.844127522144468,4.895285053422192,4.853253832477854,4.883689365003913,4.891725789950469,4.887564064215015,4.859456414323489,4.8626467642467714,4.880470149981106,4.889275010800013,4.867402306883299,4.880738017755699,4.906733005884102,4.903439395857565,4.866710129423505,4.8670478684289415,4.882824023172251,4.863724092841321,4.8702876441568,4.892592645431517,4.86885367883687,4.889762468543022,4.866977995210075,4.8895016543388445,4.89439699217501,4.884904413691407,4.884660971292171,4.895071990620307,4.904816194747382,4.8860115351762365,4.888310818646093,4.87856480052727,4.892687370804994,,,,,,,,,,,TwoPointFive,Medium,Patch Reef,Medium,Ceiba,"18.218831, -65.604282",North
A4,-0.0,-0.0,-0.0,-0.0,-0.0,-0.0,-0.0,-0.0,-0.0,-0.0,5.710797752215437,5.7971473579795045,5.737609805341033,5.732597924146628,5.906702456498386,5.732719541495673,5.775570304817978,5.834106011614781,5.711951197444835,5.6797666081747815,5.794395618650453,5.859629972608137,5.837650257133403,5.832923400297482,5.748299146326431,5.875624973129802,5.767244067751585,5.901531972336961,5.7543902532329785,5.803252836288924,5.877041853966033,5.79578084936855,5.889633960585571,5.869972471156971,5.844808166521252,5.863334325622302,5.813363965960957,5.816429955590435,5.867211429835537,5.806687490458763,5.87903966786543,5.863265639072488,5.908849294437142,5.865805254620176,5.91701142366562,5.886147731977601,5.871726436305912,5.886322873039656,5.855210034914993,5.823187648180594,5.876907290628531,5.880508483698386,5.884184548589607,5.832070159927972,5.804618431037667,5.915726085352373,5.898723035962696,5.922477668632237,5.9080307485258885,5.919794318550544,5.857467942737156,5.90327545590957,5.886212129057677,5.8382723226314726,5.884330082531335,5.897912940894773,5.873363309960146,5.87924187193318,5.892518374098324,5.902168770430562,5.877225537613964,5.885969554458757,5.908002041701033,5.88427338977485,5.87690938545716,5.882526181840718,5.882192401606328,5.9100380542384165,5.903859035636433,5.890992442105358,5.865836881848052,5.8935559152515475,5.871958866340674,5.88226881062133,5.908540693395896,5.882738717769714,5.883533132285649,5.887496393193655,5.8858939099216805,5.895949743184598,5.891095816568427,5.889490832462135,5.886229673255241,5.910887399330847,5.909359434032286,5.897189124422129,5.902051775616219,5.907276403308109,5.901075944230735,5.8906447349262425,TwoPointFive,Medium,Rocky Reef,Medium,Rincon,"18.343114, -67.260138",West
F2,-0.0,-0.0,-0.0,-0.0,-0.0,-0.0,-0.0,-0.0,-0.0,-0.0,4.680730701001415,4.754727972608739,4.771720000664964,4.740595327054025,4.730087274360782,4.655823610637552,4.731896376930417,4.746867598041052,4.7886112895155675,4.807447083232485,4.7225624312421335,4.779745670026733,4.776775096774372,4.745400631660708,4.700703285213139,4.782491996774161,4.824520091216199,4.809940427679876,4.823656516639195,4.710595976814617,4.778878877007396,4.773104310236147,4.803471067702873,4.78177160074931,4.788435047009074,4.799296542892004,4.822500305117206,4.780122368265193,4.729410042350695,4.795019975002883,4.8206690954435185,4.828131414758923,4.7855930260560955,4.823735649979206,4.7674716236083405,4.801961525627759,4.822596074065399,4.812597035062909,4.810089367227971,4.779806137547159,4.7469938626523795,4.795985862932883,4.801637085114372,4.802152297078037,4.834707295277136,4.791392065984096,4.782522853966754,4.748620070615213,4.761785866693691,4.830749328172378,4.815054184498389,4.822140011637363,4.7935465927633665,4.821565083437454,4.782748158183958,4.7853866068023665,4.781820180224322,4.81300954695343,4.817384205135003,4.793851380067511,4.821409475662118,4.8100877289237065,4.807326245585974,4.824805864355268,4.817382668000766,4.822638103147971,4.802280441301295,4.791146145058808,4.802782518120231,4.797861356103188,4.808285838613429,4.811658807548118,4.809807970046256,4.829332728606738,4.803691250884903,4.818412085409299,4.800841724205262,4.80565357124665,4.8005010071157495,4.806125222367739,,,,,,,,,,,OnePointFive,Small,Rocks,Calm,Guayama,"17.929801, -66.158912",South
G7,-0.0,-0.0,-0.0,-0.0,-0.0,-0.0,-0.0,-0.0,-0.0,-0.0,4.899119735915952,4.8201276183831165,4.943730205304367,4.743403707226472,4.8533481496185535,4.874172526887962,4.957754945535779,4.906305061257926,4.942335359450852,4.918094662619613,4.956212735372174,4.888149495887549,4.899363863340183,4.862347170135279,4.863921711253114,4.938169784495033,4.894681981191142,4.897418479858613,4.86808820657959,4.905819878830056,4.9638937736277065,4.977366879041741,4.895928612111856,4.865481977474332,4.995535979085975,4.95040383889036,4.938957769579256,4.937857327312906,4.960127395459893,4.887123310705055,4.949947318138624,4.952200433120841,4.922400525560574,4.9028083394770245,4.932579441070492,4.991314824733863,4.915029332154361,4.971148382197766,4.921517925898455,4.960952296002577,4.957490581094942,4.933105621434366,4.962517999266163,4.901669487768361,4.907787165252136,4.903269132834145,4.921521097584309,4.925620694143132,4.911767641382313,4.977779811528584,4.942493521261536,4.953932004657188,4.96149782807185,4.9308234070463675,4.921883469810955,4.94077392502107,4.929707543538989,4.9809099078519905,4.9346769864249955,4.960735203264171,4.970556664085112,4.96742998835613,4.925960796817544,4.978288272231371,4.936145565993961,4.9506465179946915,4.950612522302319,4.9361392233571495,4.954356506078824,4.954823678979417,4.955763716847164,4.9493690169972115,4.951858509981209,4.9410260686088865,4.960370183033589,4.9556092635143925,4.942744024247336,4.958796523357212,4.966719634419631,4.95209057844686,4.943712354658497,4.955819165175759,4.9514312446946285,4.947543052744142,4.949325105986164,4.945701198352115,4.945656874689003,4.963508506536923,4.946029957427458,4.955325436821667,TwoPointFive,Medium,Patch Reef,Medium,Ceiba,"18.218831, -65.604282",North
A8,-0.0,-0.0,-0.0,-0.0,-0.0,-0.0,-0.0,-0.0,-0.0,-0.0,5.1981519319067955,5.176097644518756,5.291547951849268,5.279367358869943,5.344904653764108,5.236943553341772,5.316023279361841,5.23129232726371,5.225459663745708,5.236754404419042,5.3125219902812635,5.307820276558346,5.37512067017437,5.272929063354283,5.403792271203868,5.41015951058466,5.349580715166097,5.319855699622765,5.3003666515751595,5.315482058737056,5.304236529558971,5.329717547037107,5.300407016796658,5.320250376760201,5.336946806636006,5.314092790017599,5.358122946364902,5.373347631557381,5.363987269817887,5.325505498855365,5.338540310188608,5.3470557394819185,5.390439492152903,5.358482649860987,5.373246974476619,5.3558208804886975,5.3759881137382965,5.371774562830528,5.3201474835383795,5.370884747041241,5.343659586199535,5.3510785275517865,5.329521262155926,5.34997172203898,5.354649487425861,5.385540479984298,5.380359980662771,5.358143787097813,5.344500507219721,5.345371333472036,5.376554192412553,5.354406795825212,5.37688150477165,5.378661101852408,5.37380232178501,5.357132367351651,5.358862736582936,5.370978073467228,5.345228731072838,5.369549192925286,5.361885238015778,5.363826503688809,5.344659908156318,5.356898913601696,5.356496578538289,5.364887202582207,5.347641075867667,5.36667488269333,5.358652589641447,5.37706606592299,5.3627466352288415,5.3650333526223255,5.366121165545612,5.363675301600771,5.365940707478859,5.368180856453174,5.364680044015339,5.366067176143575,5.362916063243808,5.369105568267802,,,,,,,,,,,Three,Medium,Rocky Reef,Medium,Rincon,"18.343114, -67.260138",West
A9,-0.0,-0.0,-0.0,-0.0,-0.0,-0.0,-0.0,-0.0,-0.0,-0.0,4.826277877511424,4.715481463838333,4.7013771851227935,4.761320519362661,4.627267921928794,4.816592216949319,4.8044906023840905,4.591204596790757,4.612052009339734,4.731537311833948,4.821196417145407,4.809544828585613,4.801187237735532,4.778204586097023,4.726427087075896,4.854157372649938,4.886656822398569,4.834344428465816,4.836732676186176,4.82469350050972,4.846124719781217,4.777349818153731,4.794385166818941,4.744245709974675,4.831951709809026,4.8149002337019695,4.801785624772899,4.740092761471168,4.801079133326987,4.769128585334114,4.779426261847115,4.85186037501419,4.839332063906265,4.829564403865958,4.801353624510583,4.787470068812485,4.802049325285825,4.824726024067402,4.8693953158467655,4.767486636475326,4.791699037301995,4.784914079145601,4.7929414071447844,4.755129611961005,4.822326166414932,4.842505164454957,4.813129015937015,4.840354093823638,4.860892375158815,4.841307840404503,4.792349094885212,4.835863306605325,4.800395717304219,4.778225272080113,4.7947655341797715,4.81268556433389,4.839846715090343,4.827227203083004,4.827318600296162,4.819546743635802,4.821925367279523,4.793248652829148,4.839382056630689,4.809398915084352,4.844541003242577,4.820489846030269,4.8131575421455635,4.838793276009264,4.820245219936822,4.828580225639928,4.817921177751066,4.802866730296502,4.820135781351063,4.852315083520687,4.812541708772697,4.824779749791563,4.824256783999249,4.839879243764485,4.829072736664241,4.814299540305263,4.8201334611009194,4.8226480725879375,4.828253423991153,4.8389761098478035,4.816710223541352,4.820447153828422,4.819444057019991,4.827483504162874,4.812727880178239,4.823074946116059,Three,Medium,Rocky Reef,Medium,Rincon,"18.343114, -67.260138",West
B3,-0.0,-0.0,-0.0,-0.0,-0.0,-0.0,-0.0,-0.0,-0.0,-0.0,4.989269372341868,5.024300123533301,5.096028259933049,5.0916226752890275,5.018887233896022,5.048692470113979,5.086818243856714,5.091215875465059,5.083419888714029,5.052606777463726,5.137575791130398,5.186504906020484,5.157243689112707,5.1903260124452535,5.183121943466883,5.1344519602043714,5.15813232088905,4.998554173304181,5.1018733428526035,5.143395155305134,5.215931156200928,5.155584024484027,5.074345175151606,5.18392188668033,5.163860411453682,5.152468217690172,5.1888432876225075,5.1614622891432465,5.136938186144472,5.158453074869854,5.150910219555617,5.153451041409818,5.17256560944586,5.187430692932088,5.163044903422132,5.119881007101681,5.192620506139521,5.190744740817381,5.189063415202876,5.17871101582326,5.188206300258004,5.175592923217854,5.168368489180564,5.171513524063502,5.173976641054076,5.175758220589157,5.192449212073218,5.166904859803288,5.226341228960339,5.2228484800628365,5.194568271641291,5.191173630403614,5.166491922768575,5.181204690570755,5.183266379262793,5.199743881579121,5.150639205004787,5.2204274891967115,5.181430419419694,5.215719483349042,5.164940809039285,5.194592492980048,5.172428729042414,5.20721268429707,5.204208977271617,5.198990970318731,5.224986849034968,5.226157302334383,5.196625897468618,5.187792292621012,5.203480642504157,5.183970108871157,5.186827199096067,5.186962551044388,5.1748436824371735,5.175035453292607,5.196035011889881,5.194161124203347,5.195452254476926,5.190827771845823,5.192906747528748,5.19615802175698,5.192005576008518,5.2036700899758905,5.194499422796439,5.20182134582961,5.202342152681518,5.190166110840192,5.202318362249649,5.2013205678427905,Three,Medium,Rocks,Calm,Ponce,"17.964016, -66.609962",South
C3,-0.0,-0.0,-0.0,-0.0,-0.0,-0.0,-0.0,-0.0,-0.0,-0.0,5.148056368161917,5.05600703511933,5.1969377036142355,5.1309421200149155,5.092961978792915,5.244135719667459,5.1296288452644365,5.129588015331631,5.032511674599751,5.007594506829159,5.0952896499188025,5.14906166762024,5.177732713750906,5.153027445252492,5.161158801457606,5.202809815215624,5.180284972321394,5.1546981031070125,5.145162819710578,5.172565534409242,5.164297985163486,5.1639528821832945,5.193553038848127,5.220035252129705,5.168483819165934,5.204994983164508,5.176695733677492,5.1890103930171065,5.210923866419805,5.199458629116654,5.207132328890388,5.200474818949057,5.244583099752253,5.229534907502798,5.215042162099113,5.1988181232988735,5.209661769594336,5.1981229146208685,5.24037503663507,5.211714872761874,5.195701186907377,5.220572233266704,5.225695983449712,5.199660747207303,5.188002225392961,5.223879052196044,5.178462740597566,5.207577518321505,5.232649943560856,5.241257812770639,5.236745316964431,5.201016865757054,5.219204231244489,5.234632083733438,5.199558111921393,5.218812283058051,5.213882189576159,5.2339421046601435,5.213470575859622,5.205410761140768,,,,,,,,,,,,,,,,,,,,,,,,,,,,,,,Three,Medium,Spur & Groove Reef,Strong,Isabella,"18.515768, -67.100173",North
H3,-0.0,-0.0,-0.0,-0.0,-0.0,-0.0,-0.0,-0.0,-0.0,-0.0,4.791937667956523,4.681234185039679,4.704328035705702,4.790880458243037,4.818908304179664,4.75784695414597,4.888781277368318,4.682774148715788,4.732760591976361,4.762253145990245,4.743247005713956,4.795354756180949,4.808822005581596,4.746941229209927,4.78831688172121,4.750812743452136,4.807796439989412,4.7927072609962496,4.853112638076429,4.843873220751064,4.789618837124176,4.8086814584271105,4.79482196470796,4.805593328591091,4.8233831884186955,4.833779659025889,4.812995872138636,4.7906548024598825,4.836913152937752,4.767691615736965,4.8378626889887055,4.8327750707037636,4.787323432255687,4.823749176300461,4.807899913353685,4.807105511642703,4.846854245308795,4.82742511024978,4.814303166436962,4.8061366460361725,4.839116252575014,4.826905111728214,4.849023541894299,4.804228788852872,4.8354455050508705,4.81163904906122,4.8156270967361765,4.7980454271856345,4.8465485428427035,4.817982713229466,4.836901297350207,4.804671507435989,4.821195174050899,4.828281261354996,4.848707513382943,4.841662699689042,4.842421391233469,4.8142053555486175,4.830823549804191,4.824743189315393,4.82452053888583,4.830604818798113,4.817089550165292,4.840972172781383,4.813401889544609,4.84811933171425,4.819883512089925,4.854912947872277,4.8312428023221585,4.8415752121750675,4.832047855919649,4.846682315266978,4.852358223068565,4.846690342934384,4.829616477559021,4.818091345258662,4.829917502528821,4.827765488422458,4.8328792937281255,4.829397295963808,4.832925054438336,4.838146700951661,4.834676575933007,4.834992480768299,4.830530226243805,4.821815263497303,4.835673033429835,4.836272732287714,4.830455577072345,4.841383607222516,OnePointFive,Small,Rocks,Calm,Guanica,"17.934784, -66.957102",South
A2,-0.0,-0.0,-0.0,-0.0,-0.0,-0.0,-0.0,-0.0,-0.0,-0.0,5.389169020346982,5.3968426507536,5.219278607802658,5.267106526526171,5.323952255909857,5.211669504527453,5.377758366031631,5.33759423275696,5.37473239145121,5.390649481651925,5.473410947799536,5.515560162143786,5.401864571116596,5.444937291522175,5.405051199868123,5.4141111131437265,5.449161428536753,5.38484770318209,5.421703882571301,5.3547724119308375,5.502101788194813,5.489640734907082,5.446315468971751,5.418702834130263,5.419503257177487,5.4511217481738825,5.454050174536775,5.432737661119769,5.4101228252421,5.497173214832921,5.500878709385528,5.469587167039486,5.443967377906864,5.4650563688252,5.522594354994967,5.418143924950751,5.433465138745413,5.488076713945435,5.416330869806797,5.4810839956866095,5.496939080723148,5.517627035573288,5.467464790905458,5.524299550218453,5.484045246003933,5.488839233032704,5.487958982622914,5.55045123433593,5.453311715728817,5.479301908236889,5.489683833230871,5.488118436688876,5.519794351667464,5.478845368587334,5.514642463174292,5.48120222539808,5.503254719211705,5.509655492839404,5.504280365645484,5.510868160200572,5.493377978449256,5.520456157446323,5.491817233847139,5.483085114105607,5.484359161103472,5.492674520636257,5.511164279695269,5.5023509165689966,5.506601935040455,5.525236125336376,5.51464459123934,5.500356028854795,5.517791151746567,5.5024061448819985,5.515739176840978,5.4978098485186955,5.5129761305371865,5.50675221528093,5.509406318191973,5.513012398401486,,,,,,,,,,,TwoPointFive,Medium,Rocky Reef,Medium,Rincon,"18.343114, -67.260138",West
F1,-0.0,-0.0,-0.0,-0.0,-0.0,-0.0,-0.0,-0.0,-0.0,-0.0,5.437112187953966,5.417452573625683,5.554498907370245,5.450582733930944,5.421974397783352,5.498169509789158,5.485671199676075,5.461649397560234,5.501714512439647,5.401814606373363,5.546055232170784,5.515894566165247,5.583290615811247,5.5382038732727,5.566704595206729,5.485192224891507,5.439223330232321,5.546182555362232,5.524947016199253,5.559985602926538,5.557422005065467,5.52636610433588,5.548116609243935,5.536494781186285,5.501511373191541,5.525384132672174,5.543322913055636,5.527301267399904,5.559738642429861,5.528285440097633,5.5462719754445065,5.5432459709752715,5.554605499859166,5.545517537567264,5.566169585319633,5.538628634908822,5.576044659155824,5.572568830529848,5.533498970990576,5.544324921443053,5.58145989653919,5.574782586124904,5.5691266643447,5.534753029695687,5.536576913260362,5.554130346120799,5.559285673283818,5.532811148629456,5.549935639742913,5.552325541643961,5.567249458434183,5.565580398773095,5.5549827803696825,5.555372078627747,5.561913383087236,5.568395279160639,5.549432654130554,5.5666900991910255,5.560175841940128,5.5671345684071385,,,,,,,,,,,,,,,,,,,,,,,,,,,,,,,TwoPointFive,Medium,Rocks,Calm,Guayama,"17.929801, -66.158912",South
G8,-0.0,-0.0,-0.0,-0.0,-0.0,-0.0,-0.0,-0.0,-0.0,-0.0,4.916111338837152,5.063570590487608,5.0635617491871825,5.007055605657505,4.969625124675937,4.948514736657799,5.065244572655896,4.9954884782522155,4.920397400016993,5.060003392475968,4.990872238245362,5.038003388303573,5.033321132389874,5.10391782992965,5.055745443217147,4.930094538533585,5.055566131273367,5.011186520030637,5.122325266457758,5.009489224400321,5.12515060925561,5.053187881799584,5.093329792497408,4.98194932410837,5.123315007650549,5.154273690869971,5.070810934424431,5.025943737630379,5.064110582741759,5.009388272444267,5.086448468791218,5.1137473783442555,5.064812435388723,5.098937888904134,5.08438060112116,5.097400174255736,5.071742876483075,5.134465061426184,5.101039647935058,5.088225877471802,5.082568897524196,5.063248655999201,5.073400445633915,5.047225577982359,5.071002612473821,5.06017858242214,5.047510930111854,5.100544589131328,5.129938382000432,5.095033401562526,5.063652867209042,5.0810191956900965,5.086248778527836,5.045336044477248,5.10641063038006,5.099095513303869,5.125114930945506,5.057321499425805,5.095204676708013,5.104414087671801,5.097112087796426,5.097126775421483,5.092909431501161,5.099428444225989,5.073604726878051,5.114193240047516,5.075761888364749,5.093870269265816,5.105975262528833,5.103035723481954,5.109012249176601,5.098201005444512,5.101381044613183,5.098126472415146,5.1321205727711146,5.106209232724918,5.0793934261253435,5.084432936121093,5.107662622927736,5.117603266822419,5.114649070190317,5.099549020797413,5.109460564658488,5.093932117877831,5.101117372555672,5.103629877202207,5.106864682291213,5.100234624141845,5.10479177615187,5.092231847181035,TwoPointFive,Medium,Patch Reef,Medium,Ceiba,"18.218831, -65.604282",North
A5,-0.0,-0.0,-0.0,-0.0,-0.0,-0.0,-0.0,-0.0,-0.0,-0.0,4.678447193174772,4.648226300402489,4.835336941652741,4.689436886340313,4.727903912069262,4.7376472210016125,4.6821508213590795,4.675990138948518,4.815623924359362,4.65143134052083,4.765913902972915,4.734552873193622,4.760249437717911,4.791619320811523,4.674021981666119,4.700038811596559,4.78554516531077,4.790323278978099,4.765371735316932,4.794988128158717,4.762109665695796,4.75991809853885,4.8227737561888215,4.799973287268118,4.843878715448304,4.834908923845649,4.760936102487333,4.777437167772425,4.76243620795398,4.738468948020046,4.8032323924247615,4.792732025253022,4.806285027451972,4.750542681165055,4.788021599612737,4.786809801141625,4.785891160620636,4.808666078819256,4.779153982178065,4.801947012380946,4.785369286725241,4.802456850242278,4.796141923173332,4.791032938834046,4.7830464121841745,4.791822304339748,4.800678428704947,4.7927466855321015,4.816506132486892,4.803753733453143,,,,,,,,,,,,,,,,,,,,,,,,,,,,,,,,,,,,,,,,,Three,Medium,Rocky Reef,Medium,Rincon,"18.343114, -67.260138",West
G1,-0.0,-0.0,-0.0,-0.0,-0.0,-0.0,-0.0,-0.0,-0.0,-0.0,5.24910042962754,5.191607191403498,5.156163337496287,5.256741888818348,5.255835975895692,5.211571821012738,5.281515744604285,5.246617704099641,5.3086185509947645,5.200983187745645,5.318555002575355,5.350944843435746,5.410590009695316,5.279115248055559,5.307521156880125,5.401865598368081,5.311208348025046,5.336458728648279,5.357822757885221,5.372958050569951,5.370165050759394,5.378395534905885,5.318424936495916,5.330053291837556,5.368545672007858,5.306227761228549,5.377233578610219,5.3255938492607005,5.326501265521467,5.297302878803286,5.31419562140108,5.336901856547915,5.301494282331968,5.326755663826972,5.331052130422877,5.309734163832026,5.387891092367555,5.334498129707114,5.338558784766564,5.373799603749915,5.353041748044537,5.316677800860365,5.336660408382501,5.368974484423533,5.373318917975377,5.388252054365487,5.4041722724955,5.352721499696997,5.356166111025352,5.364189286907655,5.3589259445991635,5.336087100834822,5.341146528446537,5.3495407011187845,5.368418668740019,5.370550391423777,5.359378635029442,5.357284682986345,5.347693942516809,5.374505821688899,5.350139856922872,5.36299552783849,5.377073418224365,5.364943728760745,5.366154610454257,5.363145674585373,5.384363010035717,5.37522978701437,5.348270466746363,5.365517887374499,5.372050106912381,5.3544761529895055,5.376493491942099,5.376762018872914,5.363152052420605,5.356080202344924,5.368314904437651,5.363594781245906,5.373152954666353,5.379494069614234,5.370220739008454,5.377117682230834,5.3767622901172025,5.376146740135336,5.387728089497303,5.37810341679222,5.379512045000707,5.385906471421903,5.377284478970081,5.3637294981470145,TwoPointFive,Medium,Patch Reef,Medium,Ceiba,"18.218831, -65.604282",North
A1,-0.0,-0.0,-0.0,-0.0,-0.0,-0.0,-0.0,-0.0,-0.0,-0.0,5.2359621737517585,5.1689965433719,5.149599840380838,5.100337219607666,5.214613726548074,5.199072402611574,5.174390276976373,5.194909138732962,5.089400967620027,5.17051513863641,5.148449250838977,5.198139943434313,5.175158694202389,5.1898368651079165,5.106553777585406,5.19513141037062,5.199111950250475,5.122854970287078,5.2013229192134505,5.198471072853704,5.230089734591686,5.214419597729942,5.180302983229955,5.204006272765369,5.205537447653347,5.236866376293511,5.235393062931616,5.21139237859317,5.18813523570846,5.179833224480064,5.202958686756011,5.217294251068901,5.206296986935151,5.223076719434815,5.209922237541114,5.2154010275115255,5.163188497724114,5.221674027229629,5.224630778923114,5.239102924301248,5.220299223073573,5.227434655612968,5.230674052668093,5.214097652167193,5.2466477353471985,5.208763184815935,5.207390729999704,5.201308035262743,5.2056180888342665,5.200200824922773,5.214212712390532,5.223858565408832,5.230336069571532,5.218301985304624,5.223605411960507,5.220934931230982,5.224723869721909,5.212458825558539,5.229941835851526,5.229681596890448,5.230973446292426,5.224315949899626,5.217695154360672,5.237646107617406,5.229397643198157,5.237999839133542,5.234646181268796,5.198920586876185,5.2282700686195955,5.224328285415479,5.229550147003602,5.222288584945233,5.220156601329162,5.234789684098944,5.238060152599053,5.231335023039046,5.2222551219583755,5.231952048203733,5.232999284738697,5.2310980608835855,,,,,,,,,,,Three,Medium,Rocky Reef,Medium,Rincon,"18.343114, -67.260138",West
D4,-0.0,-0.0,-0.0,-0.0,-0.0,-0.0,-0.0,-0.0,-0.0,-0.0,4.8513216126357435,4.801446369219908,4.806954008227225,4.625649242972095,4.85270595412388,4.9184210080816815,4.816567063892145,4.742008290955842,4.821133974314024,4.769969132182925,4.824455960015887,4.922141584467306,4.945485471022543,4.840469882461027,4.876431372286629,4.92815193318007,4.83977295280246,4.911388550892474,4.833794339831167,4.807221658388713,4.898548977582585,4.884261284352305,4.89315860589501,4.860903798033462,4.867616797340881,4.839105880849435,4.916548372274087,4.852038724350937,4.897351375434185,4.90000936551882,4.891087712695713,4.937179656340972,4.892893275935268,4.895857583245924,4.86688820525392,4.863247280980933,4.874649345035548,4.919728021544835,4.908313989860923,4.887940251023518,4.934265066625502,4.915051488048679,4.9001822637590715,4.919179512047349,4.859377332425658,4.913612371007316,4.949475530434705,4.934255100563717,4.870844316424835,4.952533689513434,4.9576721087103355,4.86971907628223,4.942763135412446,4.93648289577168,4.897254517251037,4.900697782438473,4.9182525277975815,4.895844763423065,4.943267837070578,4.908346112372146,4.9028462736927425,4.933325925236411,4.934794120815991,4.914656856562087,4.966998802025126,4.956050288847004,4.908797511844586,4.931250374576218,4.916317980428287,4.927196030208463,4.90237341357184,4.912882871868048,4.911392336097308,4.938129216020868,4.933699874159782,4.918872998424482,4.918846742696349,4.894088646724395,4.918418052027741,4.955104002873259,4.912381627529261,4.926940221652224,4.9119160627970935,4.9116712520936145,4.929960761773093,4.921442335260574,4.975066827514929,4.928640207847606,4.926791254075531,4.948514119388368,TwoPointFive,Medium,Seagrass,Strong,Luquillo,"18.387573, -65.719616",North
D2,-0.0,-0.0,-0.0,-0.0,-0.0,-0.0,-0.0,-0.0,-0.0,-0.0,5.124073327429622,5.1141146028805275,5.1475828169887325,5.092129814361485,5.1048896217071595,5.220348143740555,5.184729922524482,5.196368329177717,5.192426031449291,5.188353980658526,5.196210131906585,5.230982962555042,5.255494089782251,5.223365815495835,5.221955917117948,5.275766213268124,5.239920129662937,5.183314945558949,5.174674671286875,5.3001007835719856,5.2271790044959126,5.181381294555106,5.216428947395083,5.341754186385628,5.270515097414802,5.248726392181235,5.240004688744584,5.204623304967922,5.246192893388685,5.2323181898068745,5.264075287154305,5.2667610266619125,5.284787457595857,5.251715254676092,5.25372761432003,5.216051959060106,5.250690479709871,5.284822974738053,5.261731034479638,5.232742774501787,5.237167385236261,5.2616732586995365,5.247623570282292,5.252164900865201,5.28627138483924,5.2439117662776535,5.303681269178047,5.285221573882268,5.2866971344376585,5.247488680907823,5.269858343690735,5.263281456578041,5.290391397584603,5.280596837408821,5.257808835557601,5.272551559451519,5.279475931983803,5.271752242565704,5.2515703992603955,5.2731025790705495,5.282433593201956,5.264485895296988,5.287876958730816,5.2848281529950585,5.277999689677639,5.268805964486257,5.285366027259884,5.286106286506313,5.297621858407928,5.280680272930945,,,,,,,,,,,,,,,,,,,,,Three,Medium,Seagrass,Strong,Luquillo,"18.387573, -65.719616",North
C5,-0.0,-0.0,-0.0,-0.0,-0.0,-0.0,-0.0,-0.0,-0.0,-0.0,4.7381385460536185,4.829823645191264,4.708237528612253,4.817282685594041,4.820250715108718,4.782015133315043,4.792936308511599,4.756083562809217,4.80153816256635,4.672851996922111,4.789299398060639,4.808918562873219,4.737152238453274,4.772427299074983,4.764113205335329,4.790752547536535,4.78521020265446,4.803496312427412,4.762894057662281,4.752790286894001,4.821771335988218,4.768148110210614,4.77649480765844,4.888632986688764,4.819689226997501,4.786639426280211,4.830139842282599,4.846080286786252,4.825190060059041,4.7957005434584055,4.837332013894085,4.745681753363353,4.826929025135692,4.804354838465951,4.810702177598128,4.807140381627712,4.821843966257214,4.835018294020603,4.792019247768197,4.781725330440718,4.833716560033004,4.8140475657114985,4.834964080700783,4.841341171366559,4.813349840258295,4.832410392046541,4.8372515938925815,4.832221720577733,4.808609791505966,4.833467769753996,4.810980815534081,4.828031577491888,4.829884556246576,4.830769168504477,4.816700361514809,4.858912890363781,4.8401448154083635,4.833738449726592,4.828852474108579,4.799065232658426,4.841414504713026,4.828738790220502,4.828372716064898,4.849164979669298,4.8192076703644116,4.84026505717653,4.8106856511416565,4.840421844949331,4.831681746661634,4.847457789560348,4.804865432190494,4.84093266261131,4.84356587711429,4.815387135778065,4.832493344772539,4.832192985840787,4.835267233455436,4.824634739671129,4.84376098318296,4.841101995854501,4.835366985160333,4.840329020313226,4.840475561577518,4.825668996766113,4.839567767610005,4.836239862985749,4.8356480319315605,4.844167469479798,4.835493169767223,4.835865024503993,Three,Medium,Spur & Groove Reef,Strong,Isabella,"18.515768, -67.100173",North
A7,-0.0,-0.0,-0.0,-0.0,-0.0,-0.0,-0.0,-0.0,-0.0,-0.0,4.7137709716669445,4.807364033298012,4.7801147825906085,4.769348953378367,4.605807005248288,4.742181181510051,4.652967354069257,4.884920944505969,4.685938618304768,4.861656571060337,4.875418049409359,4.7713828457261656,4.840259525366914,4.664249756700522,4.769259980449063,4.8535450865295715,4.782588273021809,4.8164072370776925,4.799298733025698,4.878864630440135,4.834449469453537,4.862579723669788,4.785039629237334,4.812143760086481,4.7711929857049045,4.814691492905144,4.8110104489501735,4.766464575972496,4.833804199774118,4.7651619046767495,4.838835572820631,4.8217921764509,4.890326111545923,4.825245940513669,4.8429992928982175,4.851971277747619,4.845075649229362,4.8382192520220455,4.8512497567232895,4.8365024599639606,4.857217752644732,4.820061438594001,4.852758561543452,4.866999647748105,4.821052692389652,4.7976143816563805,4.8219289280481545,4.8814387890403905,4.840106846206267,4.852086596687235,4.851772929161759,4.865496206080012,4.84280436351737,4.8440699778086325,4.863491120896,4.865484825060206,4.814488069216958,4.806800672275223,4.853998510416021,4.864702151385576,4.854221508730162,4.8282896252059055,4.851085267461684,4.84610056536037,4.838072694256951,4.847798958775312,4.837250647887395,4.850788839218719,4.844537443286357,4.826453206543956,,,,,,,,,,,,,,,,,,,,,Three,Medium,Rocky Reef,Medium,Rincon,"18.343114, -67.260138",West
E4,-0.0,-0.0,-0.0,-0.0,-0.0,-0.0,-0.0,-0.0,-0.0,-0.0,4.277888731864358,4.416476253982902,4.3736291265692575,4.33589494890756,4.28037293592617,4.261247769422185,4.284159152897513,4.423871622076496,4.258069787478959,4.308122434262123,4.3996625020411795,4.475907379590706,4.472750324031356,4.446996619464122,4.42877653737359,4.4212420983231135,4.490994353717148,4.3812629705800115,4.405210108006592,4.575411165985819,4.426794037201483,4.477393674716152,4.54488735502939,4.474032365521452,4.4980832340541435,4.394186658885288,4.386312819412319,4.4253722756451825,4.426026043700389,4.5072985913397465,4.464969170382933,4.436680974259861,4.474808502359395,4.448644969649808,4.453376479906267,4.428162578267133,4.4599059972240065,4.5234338288684866,4.438977847734519,4.432512285741681,4.487732017363253,4.458099759444194,4.427647803132708,4.502168577354338,4.456067312094206,4.470176356521565,4.512520761967042,4.422588351775421,4.49634588672537,4.485659086059136,4.459563945613329,4.516013751986954,4.437227252102407,4.457980928017715,4.49465005743125,4.487342498694053,4.432075125550617,4.427999199565152,4.505725459837638,4.476113728233334,4.45108606466225,4.471940522890379,4.446483145625699,4.483757452308274,4.441686735860246,4.445978527687056,4.478111421245106,4.472468813561918,4.464777935375967,4.494520048346789,4.450360069241238,4.491987715304677,4.462336004972421,4.46748910376141,4.487064233123603,4.449359303289964,4.496614602896365,4.5044383932643886,4.4615072196843295,4.4624444135116,4.5067269937421255,4.473600559329074,4.489671085948867,4.501143429523775,4.476443999842433,4.468260278550868,4.470523008491832,4.478190908221463,4.492440755751359,4.481298018156799,Three,Medium,Reef Rubble,Medium,Culebra,"18.302451, -65.309386",East
C4,-0.0,-0.0,-0.0,-0.0,-0.0,-0.0,-0.0,-0.0,-0.0,-0.0,5.235483986118595,5.246593338554612,5.260405795843982,5.289798670770115,5.275213967118982,5.253817310233331,5.221458603860274,5.303408155994842,5.143132014375577,5.148639639420421,5.321160232811587,5.346966782018285,5.273380489206723,5.288628610126243,5.349146542739068,5.316543647921585,5.320323398287776,5.325623201117987,5.326196122971971,5.372074558730214,5.32557924274563,5.323203347213697,5.334690978498048,5.293391515219689,5.288677877864913,5.34840077480459,5.344875158716259,5.322976520081484,5.2704039754764525,5.313032602682359,5.347983564815949,5.334662003988387,5.349676889327497,5.345766378803184,5.346844258918861,5.29432266472531,5.34078462685999,5.314160062874957,5.328006747260567,5.319214637202346,,,,,,,,,,,,,,,,,,,,,,,,,,,,,,,,,,,,,,,,,,,,,,,,,,,FourPointFive,Large,Spur & Groove Reef,Strong,Isabella,"18.515768, -67.100173",North
B2,-0.0,-0.0,-0.0,-0.0,-0.0,-0.0,-0.0,-0.0,-0.0,-0.0,4.4144923741638795,4.471285296296759,4.364762401700805,4.422948376238797,4.473527751055583,4.328678708607063,4.410330779622878,4.448832152357434,4.32466296724494,4.412831921237393,4.478125577573024,4.524421188038101,4.397864722376478,4.314875213676029,4.484460511615591,4.329276538430719,4.475679198799782,4.287812631855071,4.4478162330943105,4.388306655934917,4.481716221764235,4.496213133417803,4.502296855765486,4.4979173135167345,4.429432198277381,4.417103978195163,4.4285876344495625,4.447378503967881,4.434597150822448,4.443962894204598,4.487739656863316,4.462609239256019,4.435382278507745,4.460925980235792,4.503694412998434,4.425428072918729,4.484404455093936,4.538518600577923,4.3860759643059035,4.4150751014790135,4.45366172576006,4.47448089278355,4.5016546691047585,4.436102491514245,4.482430478416163,4.471572613844751,4.471854656652731,4.437719478844758,4.428512001411964,4.4523619903215,4.472700266455734,4.524307830383966,4.455300919587064,4.490040620477277,4.449604297777644,4.488101655355203,4.484897188287447,4.529708826259587,4.481891522553708,4.458858965927454,4.485108930680142,4.504629683536806,4.4797488779285395,4.4863103479837365,4.499209420180186,4.476428952633693,4.478789906978498,4.478262921631593,4.493658143021333,4.47739190590583,4.461042855213819,4.489753191651993,4.467065518561236,4.454954354392171,4.5141071371973664,4.466048669163059,4.483221790381351,4.450385307625421,4.497203127475257,4.505770658147962,4.484764910501506,4.489813140275485,4.458220207127047,4.477008469257914,4.4910543054984515,4.490934628274135,4.504004719111778,4.470093279606369,4.480523565586692,4.450858834213401,Two,Small,Rocks,Calm,Ponce,"17.964016, -66.609962",South
A3,-0.0,-0.0,-0.0,-0.0,-0.0,-0.0,-0.0,-0.0,-0.0,-0.0,4.588163021351544,4.721786795518042,4.634216233676029,4.666592202998867,4.623679112686958,4.614892469688289,4.6330162314242695,4.618157763541346,4.7241730578421715,4.608206606261798,4.6737565506036844,4.7070775138479055,4.724606442681917,4.768109367262696,4.670101026501138,4.70047825058686,4.713277280570363,4.694913083299761,4.701082111763374,4.708042916103483,4.7064242038889335,4.716969988661128,4.711507683453765,4.688903720035765,4.655601436045553,4.727746575345667,4.7415512984518,4.65751202305539,4.720848010010531,4.723111069068197,4.785300862874534,4.659643241948236,4.713789059347732,4.725789727684903,4.745508428146507,4.695301126011963,4.739473664024418,4.724005197441318,4.729422222886466,4.698951467195812,4.702892390823777,4.741499812122295,4.751875982046972,4.748568522811947,4.71185416362683,4.73311190518203,4.7241571479094215,4.691553848532503,4.705838609719539,4.716641410947085,4.747666374776028,4.721374899264236,4.719348136013814,4.713953983829742,4.7428207153103905,4.730600345560142,4.73289981633712,4.706368313918084,4.697629071575363,4.737252974826833,4.741533619352154,4.722777330934843,4.717401093373205,4.719921607392816,4.746215715299239,4.725946075454732,4.730103010774596,4.73531151642194,4.720178659021703,4.710132594527721,4.753901976502338,4.735840628078219,4.7360988845655045,4.7465379318192955,4.710414649853244,4.7397450699125665,4.721770487492463,4.739001273836284,4.7265329162147385,4.745593497863827,4.733363614346456,4.738196982010017,4.72660225321611,4.755724577362822,4.74638437300934,4.738411353777947,4.747847021096421,4.723813151223144,4.731538241497644,4.7223114829738515,Two,Small,Rocky Reef,Medium,Rincon,"18.343114, -67.260138",West
C1,-0.0,-0.0,-0.0,-0.0,-0.0,-0.0,-0.0,-0.0,-0.0,-0.0,4.705112987546898,4.554543531910666,4.531248384946588,4.627282415263994,4.684971123986742,4.600961116624585,4.5811181811915995,4.7215624760527,4.537778398159851,4.567905505079668,4.692575751505504,4.70859343879174,4.671752062077559,4.751842799239294,4.74167889878835,4.722427845673587,4.712693622007963,4.585087858531089,4.704891500445455,4.646333699917762,4.709143232776587,4.743867885961441,4.624204714333486,4.691639627805138,4.775405910884004,4.647603725005691,4.657169135448881,4.652509935428521,4.688171321850412,4.685651594143474,4.705279772826096,4.658248793573365,4.738721694723238,4.722705164668202,4.706420692372864,4.682573453625313,4.687145790190423,4.657507477923398,4.6961528339857335,4.651740285646191,4.689664450053531,4.730615599889974,4.712532915851504,4.705515833314196,4.7263577402135795,4.711117962398072,4.695008568635607,4.695500165393497,4.680197652765205,4.706463372741811,4.675570803005784,4.730901824868547,4.716528644785724,4.711720246801342,4.716245384660683,4.690105707470213,4.704631998466421,4.724642495134958,4.735368221634257,4.706725061782711,4.689130322265143,4.726691667023748,4.68631390957634,4.708340631238803,4.733043520786508,4.730782524619412,4.711312208428278,4.69329804156046,4.732141044762938,4.706345724366607,4.691802629305854,4.699495325837697,4.725607016797388,4.7161378140467,4.707986420419075,4.732791533887483,4.713431843828093,4.7250844754637775,4.700844374929434,4.719268507909811,4.707173113492441,4.719119777004736,4.705800015463558,4.7236031855989555,4.731718989002868,4.731144151887608,4.700307916543821,4.713646231286742,4.718406319833997,4.7233146057510735,OnePointFive,Small,Spur & Groove Reef,Strong,Isabella,"18.515768, -67.100173",North
D3,-0.0,-0.0,-0.0,-0.0,-0.0,-0.0,-0.0,-0.0,-0.0,-0.0,5.002355013927239,5.0343041878283845,5.057934541864704,4.893384865839738,5.018933437359381,4.868604301843468,5.107075484959542,4.936998817594495,5.089585713446673,5.040885890963489,5.068802200518092,5.105160406107159,5.085572869978085,4.998864351630853,5.002250600409967,5.048529691530345,5.053611823861882,5.034561111559625,5.069389022871595,5.035925216905864,5.102585943657731,5.122541206139589,5.09668420029247,5.111261490334859,5.074966961281481,5.0751543402741515,5.059830061205635,5.10761785566797,5.042482905221446,5.115207656472018,5.147190778916998,5.089240972760002,5.138739526278851,5.1239702868312245,5.140070902957885,5.109507344202125,5.135568066526541,5.1502371003041985,5.114442243296585,5.1160482237696066,5.116362225866053,5.122462639482,5.067877663034463,5.129567402853108,5.128898775594084,5.0523968711738485,5.08438545706398,5.088307838329511,5.089738220372438,5.087804356810833,5.11948418305134,5.129201802438937,5.109132437875065,5.135400571316905,5.165865885448128,5.1296423217252975,5.124330943048052,5.098943439647663,5.107487625214632,5.095245966598394,5.134583908817679,5.1520404660296215,5.137682520980574,5.088534366008278,5.160061632233431,5.144739869690981,5.124139749074936,5.123635327692968,5.10911634072366,5.118703282783757,5.110948041699971,5.1441475446862075,5.1143999329954255,5.122401199572992,5.15288349574182,5.125532618545929,5.136704440617285,5.1322662810006126,5.150121600961479,5.112719423002529,5.121402840198171,5.130314166056923,5.153733319724954,5.1402999585029585,5.125820744354321,5.114499511395562,5.1482660893324965,5.1497891396351,5.128677630348675,5.138611525311231,Three,Medium,Seagrass,Strong,Luquillo,"18.387573, -65.719616",North
E2,-0.0,-0.0,-0.0,-0.0,-0.0,-0.0,-0.0,-0.0,-0.0,-0.0,4.7412525965100105,4.655042995110612,4.655438183787869,4.776301910193881,4.733043690101609,4.777679791182422,4.645796900353962,4.572677866978569,4.667369108893964,4.680873504823096,4.783277503145063,4.7863057024404405,4.703415201841629,4.7160594493411265,4.72704568399597,4.803545203037192,4.812606105934211,4.701642340714455,4.7596578197963755,4.732863199282158,4.7624512170885,4.799498897313999,4.758057319566404,4.745406235957686,4.802728702142016,4.717750368866324,4.7584405013765885,4.800285569923056,4.791002114285252,4.737029905054527,4.768258837790399,4.706981711859036,4.772964402880621,4.769394859716523,4.797563783520114,4.728548384684979,4.822227597267588,4.744249844478828,4.750827362378573,4.7726016165298715,4.763032074218656,4.829612491554654,4.797243002247018,4.787315917435243,4.795138723907704,4.735025315286943,4.777307808757796,4.793314430578736,4.78535740776748,4.7673168634406835,4.758744559896462,4.7913687878927895,4.785934446698587,4.771402453043727,4.7824624963730935,4.774411148162134,4.779444974950646,4.802219174376372,4.7784455212426575,4.780158935365084,4.778891818123705,4.787576620939485,4.783808180043352,4.783669821261922,4.776630868535068,4.786320580588578,4.784514338820881,4.77952020183479,4.779223336070297,4.778488727900581,,,,,,,,,,,,,,,,,,,,,Three,Medium,Reef Rubble,Medium,Culebra,"18.302451, -65.309386",East
A6,-0.0,-0.0,-0.0,-0.0,-0.0,-0.0,-0.0,-0.0,-0.0,-0.0,5.312224948187395,5.317981972371269,5.315070857845142,5.115806700078257,5.211237278904645,5.274359199905849,5.238479412530384,5.160068326549418,5.225740197507,5.303325339881914,5.25392827017907,5.346967706277264,5.263735434306283,5.288942541031581,5.3294687124328695,5.323823826787699,5.316623247962987,5.38059465638184,5.332161847059861,5.318684500230876,5.360605883041394,5.337233615396383,5.317994843429536,5.359856241100933,5.324286209936192,5.363999719500672,5.377931844284881,5.309697999773276,5.308020068925518,5.327120082194937,5.361935792314895,5.355913143291172,5.358143696068803,5.354810274695108,5.36148486184453,5.341130873750699,5.35931747866577,5.360797968430936,5.360141165606882,5.356350609545991,,,,,,,,,,,,,,,,,,,,,,,,,,,,,,,,,,,,,,,,,,,,,,,,,,,TwoPointFive,Medium,Rocky Reef,Medium,Rincon,"18.343114, -67.260138",West
E3,-0.0,-0.0,-0.0,-0.0,-0.0,-0.0,-0.0,-0.0,-0.0,-0.0,4.381070908293941,4.320227088634111,4.245230710146583,4.299560619810814,4.26512465401761,4.3045985521817896,4.267461535734974,4.337921075381565,4.292432074267361,4.37272575355214,4.386671996839208,4.411792055553833,4.384379663154306,4.365835397199949,4.406378928523983,4.344432153051467,4.330788469774128,4.375875819265952,4.391319121190805,4.348505322537888,4.365025825206982,4.396421309999307,4.3719661292451795,4.323114921302602,4.3225563713035955,4.361945598363171,4.3346366284035005,4.353072447034841,4.3445847711952394,4.346418151758035,4.344622456335344,4.398257963243566,4.352475973397336,4.365767945569758,4.339345064068698,4.316567853880298,4.393328848966259,4.359591265651504,4.336714769755046,4.408301402713807,4.3579872352162035,4.385555101540336,4.404584455770436,4.3359290563760755,4.388649451109486,4.408237409058886,4.386401199115486,4.385570098780796,4.3876474940182595,4.390745666693703,4.367462620548663,4.359555325608272,4.370080123267496,4.383519979503426,4.376724221950106,4.385565962242709,4.36494284550429,4.367916304258971,4.366727484215003,4.395060238750192,4.396734878502235,4.386264603819094,4.394930930860857,4.3736097853486875,4.3744722282092106,4.401041035093027,4.377285772614755,4.371713141563404,4.386286072492184,4.377909849531394,4.38453571091425,4.390305130427453,4.364864805022994,4.400610492627272,4.385126385565993,4.380609926026999,4.396702413445022,4.38407615964588,4.396918146090012,4.383675588444507,4.390069426993499,4.39445383164074,4.391768698213323,4.381169292888851,4.386516859109436,4.394564974064973,4.3844571778902415,4.3807981748928695,4.386177406987657,4.389790946788801,Three,Medium,Reef Rubble,Medium,Culebra,"18.302451, -65.309386",East
C2,-0.0,-0.0,-0.0,-0.0,-0.0,-0.0,-0.0,-0.0,-0.0,-0.0,4.6659799598746,4.678840592127414,4.677957641456704,4.643129252432102,4.710430309283517,4.712275879120296,4.670140452622495,4.692835416995005,4.6264109593496,4.745361303266927,4.675637996643958,4.676585284089112,4.655389865338794,4.627159656591752,4.726947691516204,4.667612203125069,4.653224682056051,4.70287198454608,4.704452099922608,4.646569200487957,4.6844801507644815,4.753345732014072,4.729716956349392,4.739278205326001,4.694861606301541,4.694143959497823,4.691538663522693,4.687549939607598,4.7240491387116705,4.717183080298187,4.722448306524137,4.730445103451612,4.710576260205329,4.717830218527611,4.721741489691682,4.687319820326263,4.703277973637058,4.720621311444784,4.718684213449714,4.7074014568984985,4.728581997904361,4.711951391307329,4.7128523044724515,4.713196926724733,4.7227031385701315,4.7118179606211195,4.721531765343229,4.720514459669149,4.726316830310851,4.726527390098365,,,,,,,,,,,,,,,,,,,,,,,,,,,,,,,,,,,,,,,,,TwoPointFive,Medium,Spur & Groove Reef,Strong,Isabella,"18.515768, -67.100173",North
D5,-0.0,-0.0,-0.0,-0.0,-0.0,-0.0,-0.0,-0.0,-0.0,-0.0,4.999579246469776,5.014397890556539,5.006374372698147,4.994866740478632,4.965223610026391,4.946139250597841,4.945835196712909,4.956137420467562,5.018273387681877,5.126984761117391,5.081147366978603,5.019032403595315,5.002323382373901,5.054052691012968,5.052949560272816,5.0259844627938515,4.978270113423312,5.026589297669898,4.988670412211108,5.023908206881759,5.065725454851333,5.091877258649238,5.081026570072508,5.106493953532421,5.064555609732243,5.088236080362423,5.0660399068375925,5.045129749512737,5.037743650957376,5.004825446252482,5.072376578677271,5.091929192685523,5.105577984847606,5.0860954360017425,5.085085546713536,5.097862057343776,5.061376259406366,5.100923865576079,5.087783166586747,5.095990610188514,5.086843610108033,5.079044725754483,5.085038636300202,5.084543322500291,5.085238266127363,5.083278482364102,5.087587847567858,5.080814473899166,5.083529405577516,5.083321462963469,,,,,,,,,,,,,,,,,,,,,,,,,,,,,,,,,,,,,,,,,TwoPointFive,Medium,Seagrass,Strong,Luquillo,"18.387573, -65.719616",North
A10,-0.0,-0.0,-0.0,-0.0,-0.0,-0.0,-0.0,-0.0,-0.0,-0.0,5.219274440301096,5.080379517808369,5.0664038522933,5.184441150712102,5.152440292756614,5.135126021718463,4.939757353859359,5.161434146963888,5.116466865685753,5.171703282362176,5.235767379624023,5.267138014664393,5.174984874343239,5.2035169529072975,5.207349640656085,5.179502314057819,5.1725983286932316,5.142653944604476,5.280116120953299,5.2205205833006385,5.222700329695257,5.169218459180924,5.201431015605027,5.269944679571014,5.248957930244855,5.209481906513599,5.199438167888985,5.231993994380128,5.2570329967944645,5.2945293737741395,5.259059947771005,5.287921830872664,5.279148567909083,5.265902534265254,5.264488476524456,5.245229782849856,5.222505603262913,5.207563592657866,5.294554360090271,5.306134670180144,5.274785582727611,5.259314267144217,5.258812423874793,5.257579173464351,5.253137082000334,5.310675401590459,5.263050628304864,5.291243697865422,5.280159832745976,5.278910265745644,5.2804708305384835,5.2730005924901935,5.273315378324898,5.267034630791779,5.277729380073514,5.276817294250656,5.290825046025262,5.271181478314699,5.282539580995191,5.273154162667609,,,,,,,,,,,,,,,,,,,,,,,,,,,,,,,TwoPointFive,Medium,Rocky Reef,Medium,Rincon,"18.343114, -67.260138",West
G3,-0.0,-0.0,-0.0,-0.0,-0.0,-0.0,-0.0,-0.0,-0.0,-0.0,4.241558661188062,4.1831431334942115,4.233347508032002,4.071340054148472,4.107264593350832,4.154552452930258,4.245732566909928,4.143500349958614,4.096612939614541,4.392671186536592,4.140129843339273,4.202793334563929,4.24994286231723,4.160068314318366,4.234859033976967,4.2515645737947745,4.308137801002953,4.241992133592156,4.1918493820807665,4.165939417755392,4.192343765395115,4.160971039298008,4.244151463321368,4.210749734991088,4.260359512502825,4.35852719255383,4.230885360485113,4.19690857084782,4.242657312024834,4.311733397651126,4.245153066681038,4.209106192236168,4.211771770821159,4.291724753819072,4.2328109213826846,4.204540798792453,4.288914506189048,4.275340912051081,4.25580491286736,4.237782358362251,4.290630727410886,4.266277017299476,4.2440299511003845,4.21858249645363,4.275855236786921,4.210689082145789,4.2641774587507015,4.250116192435034,4.249840499060499,4.26176426887935,4.265765016320578,4.25510813615527,4.252649996750331,4.259538794341553,4.260764417816432,4.29414542840515,4.2699895806407815,4.273394904214141,4.2754962725358245,4.214127021780668,4.253887210108276,4.228730376229963,4.219982365282514,4.2736171459673,4.260831942533096,4.2731136404646515,4.271627190004512,4.264287887226543,4.255820201297953,4.245388807241678,4.2381604136984015,4.254053778469924,4.252674390609862,4.266993125628904,4.26045885290145,4.2494978860477115,4.215446128888526,4.245872968197695,4.2672539777374725,4.225547780468991,4.231699311809754,4.245272932414215,4.2383027077064375,4.247166540169376,4.227166066130495,4.252685247658339,4.256144925927941,4.2543107241247755,4.241569033988974,4.262001910412276,Two,Small,Patch Reef,Medium,Ceiba,"18.218831, -65.604282",North
H2,-0.0,-0.0,-0.0,-0.0,-0.0,-0.0,-0.0,-0.0,-0.0,-0.0,5.434078914652407,5.652308507677168,5.66174322820088,5.606163106065143,5.550308554461166,5.660388766551182,5.604647094786002,5.56523869215768,5.613968587536247,5.506021343892346,5.56317531501782,5.656231242872366,5.659743744670275,5.702176941559266,5.665386616908367,5.654254092552484,5.616725564162997,5.602489642329759,5.557972463225467,5.711502475949513,5.608835869812335,5.637073776563478,5.642069064649856,5.650473040941272,5.7044334064100095,5.683791502133947,5.663373935349407,5.6514130896640475,5.664550766035921,5.589336330117984,5.622095672546501,5.698431553424321,5.665817358446143,5.651636786234108,5.698856451987929,5.741913256363981,5.650090280493493,5.678683508932968,5.616406348268866,5.666293253775009,5.672657422767338,5.698902205362041,5.649797590497269,5.698400786274053,5.676797827897453,5.645839160702279,5.678836207861972,5.689676346589408,5.7085289995177355,5.689059170221525,5.658793887019536,5.685728214769034,5.685657503347437,5.680618182318761,5.663137573742761,5.668917397585705,5.7078468040051105,5.676588895884346,5.6702213852998,5.6739371902644695,5.685812995317699,5.688229013895581,5.69460232244637,5.688134179687272,5.679641159234671,5.703265831426552,5.691823275880647,5.6774025323461155,5.687995903248297,5.663784638805145,5.677799800098798,5.6806116150682335,5.6971297813164155,5.692693449831969,5.677007107523821,5.691732192893951,5.712695673169692,5.691810055385376,5.69932738672542,5.702760925656325,5.6822256943105405,5.69400522762387,5.700155631980339,5.694070137472431,5.673955598505823,5.687737260900931,5.690649253587992,5.693462601584181,5.677557244674779,5.6761812927875175,Three,Medium,Rocks,Calm,Guanica,"17.934784, -66.957102",South
G2,-0.0,-0.0,-0.0,-0.0,-0.0,-0.0,-0.0,-0.0,-0.0,-0.0,4.834198273036746,4.786767329285845,4.869784124873792,4.935825408948597,4.848333738318337,4.824292183767548,4.94943429912414,4.816718979057954,4.898876199093649,4.834546202750675,4.87673816336189,4.938348126559417,4.852607912479972,4.865951349926234,4.848911579412679,4.956026429891089,4.875879505318239,4.817387638028271,4.917176530942087,4.951506805555774,4.897742982808433,4.975406891570207,4.937203695125904,4.994815263984747,4.89372255947172,4.919115883760763,4.864284258491311,4.960770545645426,4.961376615822024,4.921882398902754,4.945842828949159,4.9277497381389335,4.9335525841743015,4.917451046681228,4.957447227366107,4.917874109473155,4.9121364827640965,4.959412262312345,4.991802503248353,4.993157610008635,4.940236324526082,4.958251586087068,4.948581012278382,4.923457597153855,4.9313366519101285,4.925936702002844,4.911487279983793,4.992158261645099,4.90325684014652,4.918961337775463,4.933253046073204,4.953878930651307,4.939423238146228,4.957100653175609,4.947663433181981,4.9603031225348975,4.926920173303584,4.931317621731402,4.95661583040969,4.952652320118445,4.970701285270203,4.949014398463662,4.9578274942721405,4.945485369052956,4.95867305731831,4.9562389832333045,4.945648589550631,4.95600165910013,4.9562742149840044,4.935220319379921,,,,,,,,,,,,,,,,,,,,,Three,Medium,Patch Reef,Medium,Ceiba,"18.218831, -65.604282",North
G9,-0.0,-0.0,-0.0,-0.0,-0.0,-0.0,-0.0,-0.0,-0.0,-0.0,4.940791353185974,4.944735676380403,5.042270144160235,4.838849797306609,4.964145254459722,5.010082905308353,4.996065804833416,4.961512249075785,4.983099886714919,4.901607276554721,5.027445701717832,4.984843809621091,5.118512467432057,5.130323624385821,5.06943644951409,5.061131384129847,5.014280052894648,5.06616082833332,5.1111749583964246,5.027720972827228,5.0258272987864325,5.030520074298793,5.107053612617544,5.004928423864516,5.054993432183678,5.095755496653889,5.1196516755835235,5.117874115262333,5.030688032123828,4.97644481048424,5.101762307567686,5.103244720340121,5.0440854236555275,5.006421771191013,5.076118825063284,5.126426039653617,5.067518969868808,5.067569530156456,5.099885399884423,5.074150667672681,5.107842528053281,5.0549208876371186,5.085212797865925,5.1227171383270615,5.079367782016966,5.081005072172513,5.068768925501826,5.0908423072251585,5.102440794617118,5.058724636927416,5.13484707110455,5.091927706823461,5.078259353156906,5.082807055411636,5.133609916173815,5.093955821886074,5.111423014883615,5.0906702463682985,5.124301632042164,5.0901186048310505,5.071097512058589,5.055171640198915,5.101275744395747,5.060957489617183,5.098877541286586,5.082928175950784,5.098398995708436,5.072571966557756,5.099996825045589,5.098217580259478,5.093499398462598,5.1395426864199445,5.081468522718772,5.094426871245131,5.085373665807082,5.100455593128141,5.106508841135137,5.119506448397571,5.0574711566126975,5.083885716001964,5.073083205599601,5.109096490445315,5.072496349000096,5.095039202278718,5.091335936764074,5.084475212016712,5.095131026266845,5.1046697686256195,5.094284461901112,5.103825205000131,Two,Small,Patch Reef,Medium,Ceiba,"18.218831, -65.604282",North
E6,-0.0,-0.0,-0.0,-0.0,-0.0,-0.0,-0.0,-0.0,-0.0,-0.0,4.90000537768469,4.872893817269127,4.899847328829088,5.043187184304951,4.796946606193551,4.938178814593427,4.953997033025678,4.812335030997098,4.950555783367625,4.88073412778005,4.966546087497173,4.969883462076984,4.90635464017725,4.98682883001881,4.934564156405464,4.96834946060853,5.0059271422017515,4.910407810262906,4.952070521031325,5.041990009164551,4.980241131077954,5.02649896055673,4.972233290287953,4.96109322103506,4.977887980778055,4.980580931287554,5.015792780347058,4.981397028012042,4.952922409904881,4.937445961935714,4.97791745594957,4.998039944599763,4.986591142223309,4.964443624279917,4.9691034071439235,4.9930610965830144,4.9514437218169505,5.01591208574268,4.96907373220566,4.9910222006433305,4.96896510465916,4.9797877926320115,5.004287495490081,4.993839714347168,5.018258152125524,5.006505612632037,4.990589476210322,4.989502537044457,5.012566490610592,5.01497175026273,4.989023324815766,5.0138697506654175,5.006924969019667,5.001911027786407,4.994476423395106,5.010243752142593,4.990838709092246,4.973857810109516,4.963305738566692,5.0027034959303585,5.015455549577809,4.994034636373888,5.001319906535121,4.996770757103037,4.995253143026493,5.023654606552574,5.006009898152737,5.005061041320306,5.011940629759711,5.016101729462141,5.009916906389646,5.01195436938042,5.026430670615842,5.014795782999401,5.010326236891938,4.998982121100104,5.002323426582159,5.006384984928811,4.999173603970121,5.013881827212062,4.996923342875925,4.998526395280624,5.002158367336562,5.00655787708656,5.007966685096601,5.003702491021338,5.021151479371765,5.008688046899589,5.010310359888156,5.004930637953544,Three,Medium,Reef Rubble,Medium,Culebra,"18.302451, -65.309386",East
B1,-0.0,-0.0,-0.0,-0.0,-0.0,-0.0,-0.0,-0.0,-0.0,-0.0,4.962095112398087,5.068598263831225,5.017998758881714,4.931560089500102,5.055613223394381,4.970169415117964,4.968145019059956,5.017797597363565,5.037702438291644,5.082225332378917,5.095792258739377,5.056841124420173,5.150438542220967,5.089151442874706,5.098766848186516,5.174307266454986,5.035655504586717,5.07636244239231,5.092568964133199,5.10009132284598,5.029271785397966,5.120263883732778,5.135740031000107,5.132651221676978,5.145270123027487,5.130128109679997,5.053110117544354,5.139639651375576,5.154090722645723,5.117332104523544,5.163147189148895,5.138385532134791,5.138478640273143,5.126317178635743,5.087853534045523,5.124871209383143,5.106094948755716,5.131761069888233,5.083769333665819,5.125148414148463,5.129342572664158,5.129892846236386,5.113400359901641,5.120817912265484,5.1139130400438555,5.113072047986113,5.157941498039076,5.118106448393474,5.124663938131583,5.123276741604148,5.118539873213999,5.125412088911645,5.116257782230127,5.126663866238625,5.126912629137244,5.12332811685186,5.132397193152486,5.136003176627784,5.134217477736417,5.14712021150596,5.144554467509166,5.13974950263775,5.139444854546773,5.137372552802477,5.128880654899568,5.148401515240269,5.150879063511064,5.1246283616088215,5.120898255374155,5.129028739086243,5.1278661669638375,5.139298814289145,5.133847597671839,5.140286412045894,5.135073099588518,5.131663656143876,5.137577521360328,5.12940985803133,5.137388689929317,5.14361951413797,5.136157789079179,5.136157789079179,5.136157789079179,5.136157789079179,5.136157789079179,5.136157789079179,5.136157789079179,5.136157789079179,5.136157789079179,5.136157789079179,Two,Small,Rocks,Calm,Ponce,"17.9724027, -66.6179076",South
E1,-0.0,-0.0,-0.0,-0.0,-0.0,-0.0,-0.0,-0.0,-0.0,-0.0,5.074271846307688,5.033428707377201,5.007353712320397,5.116331024087305,4.982838524590816,4.96398156038987,5.028090065448341,4.909708461130906,5.126199296725861,5.064796921293074,5.017722228989815,4.9766690410663115,5.073622889986975,5.09181845205637,5.090819949840702,5.040845681004439,5.025834384141719,5.063745701378403,5.070149669146985,5.098382165497735,5.059620218543163,5.005127134656684,5.10992983716392,5.052811378417656,5.033567642670881,5.054257748117314,5.05367620285191,5.015758332151689,5.037638556295503,5.10062720766183,5.0353659572412655,5.092693500548506,5.067865643409696,5.095961196457158,5.109002573870231,5.078631650626407,5.057192192802476,5.069484931936317,5.102094859860752,5.0441563618267375,5.094876532117473,5.103179963890813,5.129173629875659,5.115571952805478,5.089495282295571,5.059925912320623,5.1215053982565,5.114236223395263,5.049838151231648,5.096565881689071,5.072629449352377,5.088882278663862,5.092314042528203,5.077629252246978,5.0998471320525205,5.1024932784571115,5.090697586563413,5.101122440758608,5.08826807856396,5.096116381729535,5.095716613757915,5.081337526626713,5.093097622350235,5.115893982401545,5.083980182494141,5.092027516694971,5.108237828795046,5.097169877163248,5.108094253775458,5.104975051429701,5.1065492274938515,5.099957660634763,5.102323365369793,5.103222860422311,5.096827876375154,5.097361387189139,5.107269362601038,5.099324913865622,5.097593978379392,5.104330932881551,,,,,,,,,,,ThreePointFive,Large,Reef Rubble,Medium,Culebra,"18.302451, -65.309386",East
