	SubjectID1	SubjectID2	Group1	Group2	Distance
0	C4	C1	FourPointFive	OnePointFive	0.5005846262392102
1	C4	F2	FourPointFive	OnePointFive	0.5431070680055196
2	C4	H3	FourPointFive	OnePointFive	0.569626756847867
3	C4	A1	FourPointFive	Three	0.5276882435287166
4	C4	A5	FourPointFive	Three	0.5317496877301426
5	C4	A7	FourPointFive	Three	0.5477298886616415
6	C4	A8	FourPointFive	Three	0.49368021905014964
7	C4	A9	FourPointFive	Three	0.5490378594708354
8	C4	B3	FourPointFive	Three	0.47834784570391004
9	C4	C3	FourPointFive	Three	0.5015129631408126
10	C4	C5	FourPointFive	Three	0.5632568935630853
11	C4	D2	FourPointFive	Three	0.44817966009479976
12	C4	D3	FourPointFive	Three	0.4758625042777283
13	C4	E2	FourPointFive	Three	0.4986404257842133
14	C4	E3	FourPointFive	Three	0.7223034854950063
15	C4	E4	FourPointFive	Three	0.3803779229327594
16	C4	E6	FourPointFive	Three	0.49467928405941647
17	C4	G2	FourPointFive	Three	0.49513469317791114
18	C4	H2	FourPointFive	Three	0.5104188251039026
19	C4	E1	FourPointFive	ThreePointFive	0.4648017520515269
20	C4	E7	FourPointFive	ThreePointFive	0.5301802103384582
21	C4	A3	FourPointFive	Two	0.6027102276867432
22	C4	B1	FourPointFive	Two	0.6054387830222835
23	C4	B2	FourPointFive	Two	0.5888033851353718
24	C4	G3	FourPointFive	Two	0.6245493294676936
25	C4	G9	FourPointFive	Two	0.5356813862209129
26	C4	H1	FourPointFive	Two	0.4179520880098582
27	C4	A10	FourPointFive	TwoPointFive	0.4351947520302634
28	C4	A2	FourPointFive	TwoPointFive	0.44640012295347525
29	C4	A4	FourPointFive	TwoPointFive	0.5717053523950508
30	C4	A6	FourPointFive	TwoPointFive	0.5132169327981173
31	C4	C2	FourPointFive	TwoPointFive	0.6513058515647326
32	C4	D1	FourPointFive	TwoPointFive	0.5498547895487855
33	C4	D4	FourPointFive	TwoPointFive	0.45164724868736067
34	C4	D5	FourPointFive	TwoPointFive	0.4503957538725183
35	C4	F1	FourPointFive	TwoPointFive	0.582137224957493
36	C4	G1	FourPointFive	TwoPointFive	0.37736277144827973
37	C4	G4	FourPointFive	TwoPointFive	0.4925153979534823
38	C4	G5	FourPointFive	TwoPointFive	0.5739675409264783
39	C4	G6	FourPointFive	TwoPointFive	0.5242289778441185
40	C4	G7	FourPointFive	TwoPointFive	0.5468796574993644
41	C4	G8	FourPointFive	TwoPointFive	0.5333348537420933
0	F2	C1	OnePointFive	OnePointFive	0.35039565034290193
1	H3	C1	OnePointFive	OnePointFive	0.3048917113021658
2	H3	F2	OnePointFive	OnePointFive	0.3327655963671593
3	C1	C4	OnePointFive	FourPointFive	0.5005846262392102
4	F2	C4	OnePointFive	FourPointFive	0.5431070680055196
5	H3	C4	OnePointFive	FourPointFive	0.569626756847867
6	C1	A1	OnePointFive	Three	0.36744044805739967
7	C1	A5	OnePointFive	Three	0.2981656761751888
8	C1	A7	OnePointFive	Three	0.3484338839109355
9	C1	A8	OnePointFive	Three	0.3681933488232462
10	C1	A9	OnePointFive	Three	0.36071621382093216
11	C1	B3	OnePointFive	Three	0.46255959931571494
12	C1	C3	OnePointFive	Three	0.34745977317663
13	C1	C5	OnePointFive	Three	0.5198562007837935
14	C1	D2	OnePointFive	Three	0.3843296447646827
15	C1	D3	OnePointFive	Three	0.5460173068680361
16	C1	E2	OnePointFive	Three	0.4326256728340806
17	C1	E3	OnePointFive	Three	0.6636568389130434
18	C1	E4	OnePointFive	Three	0.42015460891761586
19	C1	E6	OnePointFive	Three	0.4616218953239914
20	C1	G2	OnePointFive	Three	0.40971744980266206
21	C1	H2	OnePointFive	Three	0.3118831658438706
22	F2	A1	OnePointFive	Three	0.34574928952920897
23	F2	A5	OnePointFive	Three	0.26209488349488663
24	F2	A7	OnePointFive	Three	0.2526897003281121
25	F2	A8	OnePointFive	Three	0.376987963169906
26	F2	A9	OnePointFive	Three	0.3206033870256493
27	F2	B3	OnePointFive	Three	0.3987571084277091
28	F2	C3	OnePointFive	Three	0.3428409368325401
29	F2	C5	OnePointFive	Three	0.3960627460355006
30	F2	D2	OnePointFive	Three	0.42816602164773815
31	F2	D3	OnePointFive	Three	0.46723411446702
32	F2	E2	OnePointFive	Three	0.4117570647191257
33	F2	E3	OnePointFive	Three	0.6214823532789295
34	F2	E4	OnePointFive	Three	0.4609084793083766
35	F2	E6	OnePointFive	Three	0.3780191617339662
36	F2	G2	OnePointFive	Three	0.38284968661053514
37	F2	H2	OnePointFive	Three	0.40790859680188457
38	H3	A1	OnePointFive	Three	0.29983529057251906
39	H3	A5	OnePointFive	Three	0.28970186499424755
40	H3	A7	OnePointFive	Three	0.3678822765523126
41	H3	A8	OnePointFive	Three	0.3770864216922683
42	H3	A9	OnePointFive	Three	0.29824765679677345
43	H3	B3	OnePointFive	Three	0.3803725491894592
44	H3	C3	OnePointFive	Three	0.3549565914182995
45	H3	C5	OnePointFive	Three	0.43747184453929844
46	H3	D2	OnePointFive	Three	0.37756492158430877
47	H3	D3	OnePointFive	Three	0.5176264023678961
48	H3	E2	OnePointFive	Three	0.3908123254233156
49	H3	E3	OnePointFive	Three	0.6319521163454436
50	H3	E4	OnePointFive	Three	0.43946944251577413
51	H3	E6	OnePointFive	Three	0.4379091971672225
52	H3	G2	OnePointFive	Three	0.4349279404636695
53	H3	H2	OnePointFive	Three	0.4073405683413135
54	C1	E1	OnePointFive	ThreePointFive	0.37783762902519213
55	C1	E7	OnePointFive	ThreePointFive	0.4433832510275027
56	F2	E1	OnePointFive	ThreePointFive	0.4240283074186922
57	F2	E7	OnePointFive	ThreePointFive	0.46232565628864986
58	H3	E1	OnePointFive	ThreePointFive	0.39739370251680495
59	H3	E7	OnePointFive	ThreePointFive	0.39547821096094876
60	C1	A3	OnePointFive	Two	0.3418651965648487
61	C1	B1	OnePointFive	Two	0.3912600195695316
62	C1	B2	OnePointFive	Two	0.47368756231163867
63	C1	G3	OnePointFive	Two	0.5140415442332247
64	C1	G9	OnePointFive	Two	0.3008440609309643
65	C1	H1	OnePointFive	Two	0.44216648558396565
66	F2	A3	OnePointFive	Two	0.26765077677197
67	F2	B1	OnePointFive	Two	0.2786284790248562
68	F2	B2	OnePointFive	Two	0.43258734133856
69	F2	G3	OnePointFive	Two	0.4559651166223831
70	F2	G9	OnePointFive	Two	0.2951731729864154
71	F2	H1	OnePointFive	Two	0.41223101221223346
72	H3	A3	OnePointFive	Two	0.3593649417368585
73	H3	B1	OnePointFive	Two	0.30378087100597034
74	H3	B2	OnePointFive	Two	0.4538388161025696
75	H3	G3	OnePointFive	Two	0.47600596638206893
76	H3	G9	OnePointFive	Two	0.32523392046916333
77	H3	H1	OnePointFive	Two	0.3943174524583195
78	C1	A10	OnePointFive	TwoPointFive	0.3582005334012015
79	C1	A2	OnePointFive	TwoPointFive	0.580167842532508
80	C1	A4	OnePointFive	TwoPointFive	0.39731936465073725
81	C1	A6	OnePointFive	TwoPointFive	0.3690152464642027
82	C1	C2	OnePointFive	TwoPointFive	0.4149316342239216
83	C1	D1	OnePointFive	TwoPointFive	0.4982592610707159
84	C1	D4	OnePointFive	TwoPointFive	0.42471524447241754
85	C1	D5	OnePointFive	TwoPointFive	0.3371020067877559
86	C1	F1	OnePointFive	TwoPointFive	0.49553223478643166
87	C1	G1	OnePointFive	TwoPointFive	0.4324008985973955
88	C1	G4	OnePointFive	TwoPointFive	0.36857975671958565
89	C1	G5	OnePointFive	TwoPointFive	0.35303968706348154
90	C1	G6	OnePointFive	TwoPointFive	0.3609166271420644
91	C1	G7	OnePointFive	TwoPointFive	0.24964116805302572
92	C1	G8	OnePointFive	TwoPointFive	0.2754562384120066
93	F2	A10	OnePointFive	TwoPointFive	0.4836816100706194
94	F2	A2	OnePointFive	TwoPointFive	0.5665660211866069
95	F2	A4	OnePointFive	TwoPointFive	0.5295876846042271
96	F2	A6	OnePointFive	TwoPointFive	0.3307721284141993
97	F2	C2	OnePointFive	TwoPointFive	0.2871685140597491
98	F2	D1	OnePointFive	TwoPointFive	0.48647593415486146
99	F2	D4	OnePointFive	TwoPointFive	0.4367383580747368
100	F2	D5	OnePointFive	TwoPointFive	0.2632115124384922
101	F2	F1	OnePointFive	TwoPointFive	0.3634324414808995
102	F2	G1	OnePointFive	TwoPointFive	0.4995193944707764
103	F2	G4	OnePointFive	TwoPointFive	0.35376923102817415
104	F2	G5	OnePointFive	TwoPointFive	0.33479679555689623
105	F2	G6	OnePointFive	TwoPointFive	0.32309185144360847
106	F2	G7	OnePointFive	TwoPointFive	0.2688755918818812
107	F2	G8	OnePointFive	TwoPointFive	0.39584412538594904
108	H3	A10	OnePointFive	TwoPointFive	0.44522155511403394
109	H3	A2	OnePointFive	TwoPointFive	0.5452905171468992
110	H3	A4	OnePointFive	TwoPointFive	0.5222406593837882
111	H3	A6	OnePointFive	TwoPointFive	0.3343734971784541
112	H3	C2	OnePointFive	TwoPointFive	0.3989070441034386
113	H3	D1	OnePointFive	TwoPointFive	0.49413937178231077
114	H3	D4	OnePointFive	TwoPointFive	0.4143498518935941
115	H3	D5	OnePointFive	TwoPointFive	0.36240697079653567
116	H3	F1	OnePointFive	TwoPointFive	0.3952867581139258
117	H3	G1	OnePointFive	TwoPointFive	0.44129005082992223
118	H3	G4	OnePointFive	TwoPointFive	0.31684638368972134
119	H3	G5	OnePointFive	TwoPointFive	0.26055302871259406
120	H3	G6	OnePointFive	TwoPointFive	0.3672491433870003
121	H3	G7	OnePointFive	TwoPointFive	0.29175185299196893
122	H3	G8	OnePointFive	TwoPointFive	0.26852867299493627
0	A5	A1	Three	Three	0.28907857040699747
1	A7	A1	Three	Three	0.42591590781666117
2	A7	A5	Three	Three	0.30358004524215276
3	A8	A1	Three	Three	0.48481681807745464
4	A8	A5	Three	Three	0.37385570771565396
5	A8	A7	Three	Three	0.35604893453639774
6	A9	A1	Three	Three	0.46285087360130883
7	A9	A5	Three	Three	0.44406884090749976
8	A9	A7	Three	Three	0.37214082748747035
9	A9	A8	Three	Three	0.36944347718883397
10	B3	A1	Three	Three	0.49695618988263734
11	B3	A5	Three	Three	0.38179011266440777
12	B3	A7	Three	Three	0.40018509069699704
13	B3	A8	Three	Three	0.4292311733070449
14	B3	A9	Three	Three	0.46379478645382016
15	C3	A1	Three	Three	0.4646584808755967
16	C3	A5	Three	Three	0.37450596945438525
17	C3	A7	Three	Three	0.338750500107669
18	C3	A8	Three	Three	0.3420325204812803
19	C3	A9	Three	Three	0.2453729182875591
20	C3	B3	Three	Three	0.47316196227063856
21	C5	A1	Three	Three	0.5294837691375243
22	C5	A5	Three	Three	0.4648148064157562
23	C5	A7	Three	Three	0.4394255410137031
24	C5	A8	Three	Three	0.4900519692954753
25	C5	A9	Three	Three	0.47634360500078293
26	C5	B3	Three	Three	0.4871478612227048
27	C5	C3	Three	Three	0.45580396023832975
28	D2	A1	Three	Three	0.45159063214024353
29	D2	A5	Three	Three	0.3972453250327189
30	D2	A7	Three	Three	0.46232644248874816
31	D2	A8	Three	Three	0.3742503853941364
32	D2	A9	Three	Three	0.3440548930004609
33	D2	B3	Three	Three	0.4566483828199971
34	D2	C3	Three	Three	0.31529735848389545
35	D2	C5	Three	Three	0.4921049613469052
36	D3	A1	Three	Three	0.516283234747151
37	D3	A5	Three	Three	0.5140738513060996
38	D3	A7	Three	Three	0.4394602181028725
39	D3	A8	Three	Three	0.48663554315156177
40	D3	A9	Three	Three	0.4906535584587136
41	D3	B3	Three	Three	0.5034417375680148
42	D3	C3	Three	Three	0.36139398088467123
43	D3	C5	Three	Three	0.5420374530250793
44	D3	D2	Three	Three	0.44708216107577503
45	E2	A1	Three	Three	0.3630550562802535
46	E2	A5	Three	Three	0.39613994402937636
47	E2	A7	Three	Three	0.4649736278565282
48	E2	A8	Three	Three	0.4564693036622661
49	E2	A9	Three	Three	0.4790113946317659
50	E2	B3	Three	Three	0.3832103419968489
51	E2	C3	Three	Three	0.4828757000389493
52	E2	C5	Three	Three	0.49922661331048757
53	E2	D2	Three	Three	0.402415824993833
54	E2	D3	Three	Three	0.4530460745548466
55	E3	A1	Three	Three	0.5759947336734343
56	E3	A5	Three	Three	0.6153485975183685
57	E3	A7	Three	Three	0.614113161019909
58	E3	A8	Three	Three	0.7065921712423454
59	E3	A9	Three	Three	0.6628331487793385
60	E3	B3	Three	Three	0.6298997184881138
61	E3	C3	Three	Three	0.6913971728700684
62	E3	C5	Three	Three	0.5784077868475322
63	E3	D2	Three	Three	0.7228981441924672
64	E3	D3	Three	Three	0.7138212036783002
65	E3	E2	Three	Three	0.5546047649164714
66	E4	A1	Three	Three	0.3560655906515737
67	E4	A5	Three	Three	0.4551059829904488
68	E4	A7	Three	Three	0.5429227877415723
69	E4	A8	Three	Three	0.4599782443180701
70	E4	A9	Three	Three	0.3979539903294194
71	E4	B3	Three	Three	0.5022600204001815
72	E4	C3	Three	Three	0.40053228898624216
73	E4	C5	Three	Three	0.5109515463910891
74	E4	D2	Three	Three	0.293935544752712
75	E4	D3	Three	Three	0.4485242257884885
76	E4	E2	Three	Three	0.4047489573336323
77	E4	E3	Three	Three	0.682899182203518
78	E6	A1	Three	Three	0.34606946662803023
79	E6	A5	Three	Three	0.34595958159868845
80	E6	A7	Three	Three	0.37894584816670224
81	E6	A8	Three	Three	0.37940178122093804
82	E6	A9	Three	Three	0.47567907661631587
83	E6	B3	Three	Three	0.4775917339776172
84	E6	C3	Three	Three	0.43482256878102143
85	E6	C5	Three	Three	0.4873767921559567
86	E6	D2	Three	Three	0.4792388007913635
87	E6	D3	Three	Three	0.4371837292602165
88	E6	E2	Three	Three	0.37165858351162856
89	E6	E3	Three	Three	0.6129006745727287
90	E6	E4	Three	Three	0.4079379610969942
91	G2	A1	Three	Three	0.5207183038853848
92	G2	A5	Three	Three	0.47670173949994876
93	G2	A7	Three	Three	0.44451470136241567
94	G2	A8	Three	Three	0.35956521049029566
95	G2	A9	Three	Three	0.36963458996702
96	G2	B3	Three	Three	0.45349148084922086
97	G2	C3	Three	Three	0.38177566236045996
98	G2	C5	Three	Three	0.3975503519399157
99	G2	D2	Three	Three	0.33526712842716383
100	G2	D3	Three	Three	0.4914683953675653
101	G2	E2	Three	Three	0.3604913974739885
102	G2	E3	Three	Three	0.6525118974212191
103	G2	E4	Three	Three	0.42491039550743526
104	G2	E6	Three	Three	0.5008186163203594
105	H2	A1	Three	Three	0.442605599252559
106	H2	A5	Three	Three	0.33678262274768994
107	H2	A7	Three	Three	0.42110992880197545
108	H2	A8	Three	Three	0.39133236909744396
109	H2	A9	Three	Three	0.3890882890446345
110	H2	B3	Three	Three	0.4946483961393626
111	H2	C3	Three	Three	0.27094279666510346
112	H2	C5	Three	Three	0.535259060575804
113	H2	D2	Three	Three	0.35651520137503084
114	H2	D3	Three	Three	0.4806993894600648
115	H2	E2	Three	Three	0.49623520622110423
116	H2	E3	Three	Three	0.738848864153437
117	H2	E4	Three	Three	0.39763891118898725
118	H2	E6	Three	Three	0.4572419025438821
119	H2	G2	Three	Three	0.49165922873828116
120	A1	C4	Three	FourPointFive	0.5276882435287166
121	A5	C4	Three	FourPointFive	0.5317496877301426
122	A7	C4	Three	FourPointFive	0.5477298886616415
123	A8	C4	Three	FourPointFive	0.49368021905014964
124	A9	C4	Three	FourPointFive	0.5490378594708354
125	B3	C4	Three	FourPointFive	0.47834784570391004
126	C3	C4	Three	FourPointFive	0.5015129631408126
127	C5	C4	Three	FourPointFive	0.5632568935630853
128	D2	C4	Three	FourPointFive	0.44817966009479976
129	D3	C4	Three	FourPointFive	0.4758625042777283
130	E2	C4	Three	FourPointFive	0.4986404257842133
131	E3	C4	Three	FourPointFive	0.7223034854950063
132	E4	C4	Three	FourPointFive	0.3803779229327594
133	E6	C4	Three	FourPointFive	0.49467928405941647
134	G2	C4	Three	FourPointFive	0.49513469317791114
135	H2	C4	Three	FourPointFive	0.5104188251039026
136	A1	C1	Three	OnePointFive	0.36744044805739967
137	A1	F2	Three	OnePointFive	0.34574928952920897
138	A1	H3	Three	OnePointFive	0.29983529057251906
139	A5	C1	Three	OnePointFive	0.2981656761751888
140	A5	F2	Three	OnePointFive	0.26209488349488663
141	A5	H3	Three	OnePointFive	0.28970186499424755
142	A7	C1	Three	OnePointFive	0.3484338839109355
143	A7	F2	Three	OnePointFive	0.2526897003281121
144	A7	H3	Three	OnePointFive	0.3678822765523126
145	A8	C1	Three	OnePointFive	0.3681933488232462
146	A8	F2	Three	OnePointFive	0.376987963169906
147	A8	H3	Three	OnePointFive	0.3770864216922683
148	A9	C1	Three	OnePointFive	0.36071621382093216
149	A9	F2	Three	OnePointFive	0.3206033870256493
150	A9	H3	Three	OnePointFive	0.29824765679677345
151	B3	C1	Three	OnePointFive	0.46255959931571494
152	B3	F2	Three	OnePointFive	0.3987571084277091
153	B3	H3	Three	OnePointFive	0.3803725491894592
154	C3	C1	Three	OnePointFive	0.34745977317663
155	C3	F2	Three	OnePointFive	0.3428409368325401
156	C3	H3	Three	OnePointFive	0.3549565914182995
157	C5	C1	Three	OnePointFive	0.5198562007837935
158	C5	F2	Three	OnePointFive	0.3960627460355006
159	C5	H3	Three	OnePointFive	0.43747184453929844
160	D2	C1	Three	OnePointFive	0.3843296447646827
161	D2	F2	Three	OnePointFive	0.42816602164773815
162	D2	H3	Three	OnePointFive	0.37756492158430877
163	D3	C1	Three	OnePointFive	0.5460173068680361
164	D3	F2	Three	OnePointFive	0.46723411446702
165	D3	H3	Three	OnePointFive	0.5176264023678961
166	E2	C1	Three	OnePointFive	0.4326256728340806
167	E2	F2	Three	OnePointFive	0.4117570647191257
168	E2	H3	Three	OnePointFive	0.3908123254233156
169	E3	C1	Three	OnePointFive	0.6636568389130434
170	E3	F2	Three	OnePointFive	0.6214823532789295
171	E3	H3	Three	OnePointFive	0.6319521163454436
172	E4	C1	Three	OnePointFive	0.42015460891761586
173	E4	F2	Three	OnePointFive	0.4609084793083766
174	E4	H3	Three	OnePointFive	0.43946944251577413
175	E6	C1	Three	OnePointFive	0.4616218953239914
176	E6	F2	Three	OnePointFive	0.3780191617339662
177	E6	H3	Three	OnePointFive	0.4379091971672225
178	G2	C1	Three	OnePointFive	0.40971744980266206
179	G2	F2	Three	OnePointFive	0.38284968661053514
180	G2	H3	Three	OnePointFive	0.4349279404636695
181	H2	C1	Three	OnePointFive	0.3118831658438706
182	H2	F2	Three	OnePointFive	0.40790859680188457
183	H2	H3	Three	OnePointFive	0.4073405683413135
184	A1	E1	Three	ThreePointFive	0.5183887229953533
185	A1	E7	Three	ThreePointFive	0.28480870955745546
186	A5	E1	Three	ThreePointFive	0.4305339790180747
187	A5	E7	Three	ThreePointFive	0.3329350735091477
188	A7	E1	Three	ThreePointFive	0.4464055196189325
189	A7	E7	Three	ThreePointFive	0.4611238172670592
190	A8	E1	Three	ThreePointFive	0.39796982464111097
191	A8	E7	Three	ThreePointFive	0.41229338873619653
192	A9	E1	Three	ThreePointFive	0.37084270844543754
193	A9	E7	Three	ThreePointFive	0.5270244149961885
194	B3	E1	Three	ThreePointFive	0.4031397050896811
195	B3	E7	Three	ThreePointFive	0.4897577464937486
196	C3	E1	Three	ThreePointFive	0.3702946313533034
197	C3	E7	Three	ThreePointFive	0.44921598147966463
198	C5	E1	Three	ThreePointFive	0.5109230275927186
199	C5	E7	Three	ThreePointFive	0.6050360931443175
200	D2	E1	Three	ThreePointFive	0.3727727278589048
201	D2	E7	Three	ThreePointFive	0.46615683844965294
202	D3	E1	Three	ThreePointFive	0.5342862773027192
203	D3	E7	Three	ThreePointFive	0.45384256723981475
204	E2	E1	Three	ThreePointFive	0.45823032457598634
205	E2	E7	Three	ThreePointFive	0.3824662942752396
206	E3	E1	Three	ThreePointFive	0.7198376387851052
207	E3	E7	Three	ThreePointFive	0.6011415755545778
208	E4	E1	Three	ThreePointFive	0.3740298735269207
209	E4	E7	Three	ThreePointFive	0.41382761885084407
210	E6	E1	Three	ThreePointFive	0.49148024522785894
211	E6	E7	Three	ThreePointFive	0.2624210661363147
212	G2	E1	Three	ThreePointFive	0.41469138654225257
213	G2	E7	Three	ThreePointFive	0.5454305601410993
214	H2	E1	Three	ThreePointFive	0.45270761252902575
215	H2	E7	Three	ThreePointFive	0.4173956378964559
216	A1	A3	Three	Two	0.38107792316204897
217	A1	B1	Three	Two	0.37884349036310144
218	A1	B2	Three	Two	0.44769129384975553
219	A1	G3	Three	Two	0.37772454681408985
220	A1	G9	Three	Two	0.3808946116899648
221	A1	H1	Three	Two	0.30079863336716883
222	A5	A3	Three	Two	0.3012931397863587
223	A5	B1	Three	Two	0.2793159473441132
224	A5	B2	Three	Two	0.39542519008038945
225	A5	G3	Three	Two	0.4829064792208793
226	A5	G9	Three	Two	0.2822172418216289
227	A5	H1	Three	Two	0.4093426250201454
228	A7	A3	Three	Two	0.23079556360799994
229	A7	B1	Three	Two	0.27134163977348524
230	A7	B2	Three	Two	0.45497767499333436
231	A7	G3	Three	Two	0.5393488777370021
232	A7	G9	Three	Two	0.28347654001298195
233	A7	H1	Three	Two	0.4848627453591167
234	A8	A3	Three	Two	0.32247941909229644
235	A8	B1	Three	Two	0.29127322972986014
236	A8	B2	Three	Two	0.5689769444980596
237	A8	G3	Three	Two	0.5988549404354202
238	A8	G9	Three	Two	0.30639809029244625
239	A8	H1	Three	Two	0.4738264986531369
240	A9	A3	Three	Two	0.3817605468530916
241	A9	B1	Three	Two	0.39578976864326576
242	A9	B2	Three	Two	0.5405320236184251
243	A9	G3	Three	Two	0.526695559966993
244	A9	G9	Three	Two	0.3712567979433339
245	A9	H1	Three	Two	0.44107259382031483
246	B3	A3	Three	Two	0.44185206375302155
247	B3	B1	Three	Two	0.408843344754414
248	B3	B2	Three	Two	0.5240267336969807
249	B3	G3	Three	Two	0.5334005728763866
250	B3	G9	Three	Two	0.3762422296403364
251	B3	H1	Three	Two	0.46023488668329643
252	C3	A3	Three	Two	0.36803901516498805
253	C3	B1	Three	Two	0.30167114137637063
254	C3	B2	Three	Two	0.5234771834815568
255	C3	G3	Three	Two	0.566817134072833
256	C3	G9	Three	Two	0.33956365975768893
257	C3	H1	Three	Two	0.4101602394311887
258	C5	A3	Three	Two	0.4401286439755863
259	C5	B1	Three	Two	0.4303984247533773
260	C5	B2	Three	Two	0.5339886715143081
261	C5	G3	Three	Two	0.5653738249341055
262	C5	G9	Three	Two	0.42177343729796446
263	C5	H1	Three	Two	0.4953882178147956
264	D2	A3	Three	Two	0.4784223945436515
265	D2	B1	Three	Two	0.4470948973330022
266	D2	B2	Three	Two	0.5528898854487342
267	D2	G3	Three	Two	0.5234050862354838
268	D2	G9	Three	Two	0.401706969955422
269	D2	H1	Three	Two	0.32602282532139776
270	D3	A3	Three	Two	0.4998319528637784
271	D3	B1	Three	Two	0.4291528613460087
272	D3	B2	Three	Two	0.5585554550355016
273	D3	G3	Three	Two	0.5923306924127452
274	D3	G9	Three	Two	0.42978850424818255
275	D3	H1	Three	Two	0.41556672740836764
276	E2	A3	Three	Two	0.4858241272791105
277	E2	B1	Three	Two	0.4287523638432571
278	E2	B2	Three	Two	0.4873516699835253
279	E2	G3	Three	Two	0.3174521400134392
280	E2	G9	Three	Two	0.36991974888353474
281	E2	H1	Three	Two	0.3703237252920722
282	E3	A3	Three	Two	0.6558754716419917
283	E3	B1	Three	Two	0.6148962269786344
284	E3	B2	Three	Two	0.5905122644883557
285	E3	G3	Three	Two	0.4298795214940918
286	E3	G9	Three	Two	0.6502238299916913
287	E3	H1	Three	Two	0.6624509131063367
288	E4	A3	Three	Two	0.4862713379541521
289	E4	B1	Three	Two	0.5222060652560332
290	E4	B2	Three	Two	0.5685906882610614
291	E4	G3	Three	Two	0.5103104062242413
292	E4	G9	Three	Two	0.4696140431283701
293	E4	H1	Three	Two	0.15348937063269436
294	E6	A3	Three	Two	0.345819151989196
295	E6	B1	Three	Two	0.37460726637282954
296	E6	B2	Three	Two	0.5313690139645904
297	E6	G3	Three	Two	0.5170628263297445
298	E6	G9	Three	Two	0.2518673438564527
299	E6	H1	Three	Two	0.34112376360868407
300	G2	A3	Three	Two	0.4428348164060114
301	G2	B1	Three	Two	0.4309769644636691
302	G2	B2	Three	Two	0.5772789283292815
303	G2	G3	Three	Two	0.44099530175064977
304	G2	G9	Three	Two	0.40058272222934493
305	G2	H1	Three	Two	0.4803333417457837
306	H2	A3	Three	Two	0.4064595630132197
307	H2	B1	Three	Two	0.39799190476662055
308	H2	B2	Three	Two	0.5225238280159481
309	H2	G3	Three	Two	0.5942645521913025
310	H2	G9	Three	Two	0.4000311096974216
311	H2	H1	Three	Two	0.4133921158539403
312	A1	A10	Three	TwoPointFive	0.5426752523188336
313	A1	A2	Three	TwoPointFive	0.5777472235832924
314	A1	A4	Three	TwoPointFive	0.5846049454132006
315	A1	A6	Three	TwoPointFive	0.4213553972497434
316	A1	C2	Three	TwoPointFive	0.46198670352284205
317	A1	D1	Three	TwoPointFive	0.589737634967602
318	A1	D4	Three	TwoPointFive	0.4125992154888527
319	A1	D5	Three	TwoPointFive	0.4243062113384246
320	A1	F1	Three	TwoPointFive	0.5246441189316502
321	A1	G1	Three	TwoPointFive	0.5249319476807973
322	A1	G4	Three	TwoPointFive	0.4148094123889641
323	A1	G5	Three	TwoPointFive	0.4532008033195848
324	A1	G6	Three	TwoPointFive	0.4884297391681901
325	A1	G7	Three	TwoPointFive	0.30298228256250626
326	A1	G8	Three	TwoPointFive	0.36307443090814445
327	A5	A10	Three	TwoPointFive	0.47312421411144373
328	A5	A2	Three	TwoPointFive	0.6019012389905732
329	A5	A4	Three	TwoPointFive	0.4778263437320422
330	A5	A6	Three	TwoPointFive	0.29451974452868
331	A5	C2	Three	TwoPointFive	0.3565750188380115
332	A5	D1	Three	TwoPointFive	0.5590996816465059
333	A5	D4	Three	TwoPointFive	0.40550960782911055
334	A5	D5	Three	TwoPointFive	0.3382799223445291
335	A5	F1	Three	TwoPointFive	0.41544135530199694
336	A5	G1	Three	TwoPointFive	0.46920303401990066
337	A5	G4	Three	TwoPointFive	0.32069253913112206
338	A5	G5	Three	TwoPointFive	0.3913258185608935
339	A5	G6	Three	TwoPointFive	0.4132439556206131
340	A5	G7	Three	TwoPointFive	0.2595258014435768
341	A5	G8	Three	TwoPointFive	0.3509003948434715
342	A7	A10	Three	TwoPointFive	0.3889088887983755
343	A7	A2	Three	TwoPointFive	0.5662346000365094
344	A7	A4	Three	TwoPointFive	0.46703676660366317
345	A7	A6	Three	TwoPointFive	0.24336630428217632
346	A7	C2	Three	TwoPointFive	0.3162979332898991
347	A7	D1	Three	TwoPointFive	0.46463214399090835
348	A7	D4	Three	TwoPointFive	0.4692267971216357
349	A7	D5	Three	TwoPointFive	0.34448189144984914
350	A7	F1	Three	TwoPointFive	0.3653593072394189
351	A7	G1	Three	TwoPointFive	0.48825965018486384
352	A7	G4	Three	TwoPointFive	0.3617794380632881
353	A7	G5	Three	TwoPointFive	0.36026964408934714
354	A7	G6	Three	TwoPointFive	0.31838506273855377
355	A7	G7	Three	TwoPointFive	0.3078214249184006
356	A7	G8	Three	TwoPointFive	0.40584558293909334
357	A8	A10	Three	TwoPointFive	0.38809159343438454
358	A8	A2	Three	TwoPointFive	0.5713067948197642
359	A8	A4	Three	TwoPointFive	0.48574591445392307
360	A8	A6	Three	TwoPointFive	0.35354441156440014
361	A8	C2	Three	TwoPointFive	0.4465856922082354
362	A8	D1	Three	TwoPointFive	0.446242394718866
363	A8	D4	Three	TwoPointFive	0.4156825536343763
364	A8	D5	Three	TwoPointFive	0.2866456540484047
365	A8	F1	Three	TwoPointFive	0.472774985272002
366	A8	G1	Three	TwoPointFive	0.3534016201659362
367	A8	G4	Three	TwoPointFive	0.36527112457199107
368	A8	G5	Three	TwoPointFive	0.29117532571981114
369	A8	G6	Three	TwoPointFive	0.3845687141196843
370	A8	G7	Three	TwoPointFive	0.39882505088687503
371	A8	G8	Three	TwoPointFive	0.3843063773102648
372	A9	A10	Three	TwoPointFive	0.40285131674415686
373	A9	A2	Three	TwoPointFive	0.5629798866306341
374	A9	A4	Three	TwoPointFive	0.51822174339518
375	A9	A6	Three	TwoPointFive	0.42255631072680594
376	A9	C2	Three	TwoPointFive	0.3610336223887007
377	A9	D1	Three	TwoPointFive	0.4002823649480278
378	A9	D4	Three	TwoPointFive	0.4567425137587615
379	A9	D5	Three	TwoPointFive	0.2105422969969481
380	A9	F1	Three	TwoPointFive	0.3483300782435123
381	A9	G1	Three	TwoPointFive	0.44920868730320945
382	A9	G4	Three	TwoPointFive	0.42653604017599905
383	A9	G5	Three	TwoPointFive	0.1982825208914333
384	A9	G6	Three	TwoPointFive	0.27611901562461905
385	A9	G7	Three	TwoPointFive	0.4114670495958439
386	A9	G8	Three	TwoPointFive	0.3283431024087376
387	B3	A10	Three	TwoPointFive	0.4245835141599166
388	B3	A2	Three	TwoPointFive	0.40142051506148324
389	B3	A4	Three	TwoPointFive	0.5175177713003529
390	B3	A6	Three	TwoPointFive	0.29093501987829784
391	B3	C2	Three	TwoPointFive	0.47555678047290306
392	B3	D1	Three	TwoPointFive	0.4163689371444043
393	B3	D4	Three	TwoPointFive	0.41802069651135554
394	B3	D5	Three	TwoPointFive	0.40385836326086877
395	B3	F1	Three	TwoPointFive	0.4190888479828457
396	B3	G1	Three	TwoPointFive	0.329174248222366
397	B3	G4	Three	TwoPointFive	0.29811608373005655
398	B3	G5	Three	TwoPointFive	0.453823583803865
399	B3	G6	Three	TwoPointFive	0.4308623308897989
400	B3	G7	Three	TwoPointFive	0.3745279224278219
401	B3	G8	Three	TwoPointFive	0.4211176439451404
402	C3	A10	Three	TwoPointFive	0.30047005926745074
403	C3	A2	Three	TwoPointFive	0.4695969954429099
404	C3	A4	Three	TwoPointFive	0.4619650240390047
405	C3	A6	Three	TwoPointFive	0.43870053365974937
406	C3	C2	Three	TwoPointFive	0.43447425633773334
407	C3	D1	Three	TwoPointFive	0.38231001962596145
408	C3	D4	Three	TwoPointFive	0.44833757856310963
409	C3	D5	Three	TwoPointFive	0.25801586482232736
410	C3	F1	Three	TwoPointFive	0.32342656487622495
411	C3	G1	Three	TwoPointFive	0.408931953250777
412	C3	G4	Three	TwoPointFive	0.32268682181631747
413	C3	G5	Three	TwoPointFive	0.2951302152431595
414	C3	G6	Three	TwoPointFive	0.2428053838823615
415	C3	G7	Three	TwoPointFive	0.3965771784199284
416	C3	G8	Three	TwoPointFive	0.3374394983785128
417	C5	A10	Three	TwoPointFive	0.4928908822627086
418	C5	A2	Three	TwoPointFive	0.5955413729887321
419	C5	A4	Three	TwoPointFive	0.6382813959572277
420	C5	A6	Three	TwoPointFive	0.43479028020791616
421	C5	C2	Three	TwoPointFive	0.47702879309870905
422	C5	D1	Three	TwoPointFive	0.48096193139713184
423	C5	D4	Three	TwoPointFive	0.544540546991787
424	C5	D5	Three	TwoPointFive	0.3994325158414916
425	C5	F1	Three	TwoPointFive	0.41672450286494167
426	C5	G1	Three	TwoPointFive	0.4729295275102549
427	C5	G4	Three	TwoPointFive	0.3862934101546525
428	C5	G5	Three	TwoPointFive	0.49023862308741484
429	C5	G6	Three	TwoPointFive	0.44674787190733534
430	C5	G7	Three	TwoPointFive	0.40422980618250987
431	C5	G8	Three	TwoPointFive	0.5030887392275614
432	D2	A10	Three	TwoPointFive	0.3234283048333058
433	D2	A2	Three	TwoPointFive	0.5227644284905825
434	D2	A4	Three	TwoPointFive	0.4902214450457579
435	D2	A6	Three	TwoPointFive	0.3992149323125173
436	D2	C2	Three	TwoPointFive	0.5249216045526973
437	D2	D1	Three	TwoPointFive	0.35136650923821655
438	D2	D4	Three	TwoPointFive	0.37170668030228055
439	D2	D5	Three	TwoPointFive	0.25334462800285396
440	D2	F1	Three	TwoPointFive	0.3591963650975244
441	D2	G1	Three	TwoPointFive	0.37153578463128883
442	D2	G4	Three	TwoPointFive	0.35564010961517756
443	D2	G5	Three	TwoPointFive	0.3975191304783256
444	D2	G6	Three	TwoPointFive	0.4102485801391649
445	D2	G7	Three	TwoPointFive	0.42621706456269143
446	D2	G8	Three	TwoPointFive	0.31740701988108316
447	D3	A10	Three	TwoPointFive	0.353716822519385
448	D3	A2	Three	TwoPointFive	0.43187005640788323
449	D3	A4	Three	TwoPointFive	0.5367050716199954
450	D3	A6	Three	TwoPointFive	0.4838073615127594
451	D3	C2	Three	TwoPointFive	0.5526732084202721
452	D3	D1	Three	TwoPointFive	0.4136283246241588
453	D3	D4	Three	TwoPointFive	0.40355910674027906
454	D3	D5	Three	TwoPointFive	0.393304850208204
455	D3	F1	Three	TwoPointFive	0.44813817360711633
456	D3	G1	Three	TwoPointFive	0.4914867108197375
457	D3	G4	Three	TwoPointFive	0.4168041655970367
458	D3	G5	Three	TwoPointFive	0.5377728523507791
459	D3	G6	Three	TwoPointFive	0.5014973896257441
460	D3	G7	Three	TwoPointFive	0.5430032923338993
461	D3	G8	Three	TwoPointFive	0.48030252446124877
462	E2	A10	Three	TwoPointFive	0.4630220344018053
463	E2	A2	Three	TwoPointFive	0.5120401179105474
464	E2	A4	Three	TwoPointFive	0.5666848904349593
465	E2	A6	Three	TwoPointFive	0.37600883655430073
466	E2	C2	Three	TwoPointFive	0.49371853147995365
467	E2	D1	Three	TwoPointFive	0.45337391789827824
468	E2	D4	Three	TwoPointFive	0.30403890282063983
469	E2	D5	Three	TwoPointFive	0.3927180879745094
470	E2	F1	Three	TwoPointFive	0.3958521057356888
471	E2	G1	Three	TwoPointFive	0.4666039038911691
472	E2	G4	Three	TwoPointFive	0.32168109125175814
473	E2	G5	Three	TwoPointFive	0.47721255859901707
474	E2	G6	Three	TwoPointFive	0.5017488824805622
475	E2	G7	Three	TwoPointFive	0.35162390498878
476	E2	G8	Three	TwoPointFive	0.4167939973290842
477	E3	A10	Three	TwoPointFive	0.7011356860028073
478	E3	A2	Three	TwoPointFive	0.7470522829127378
479	E3	A4	Three	TwoPointFive	0.7608823619022834
480	E3	A6	Three	TwoPointFive	0.6084943097841805
481	E3	C2	Three	TwoPointFive	0.5192337701859282
482	E3	D1	Three	TwoPointFive	0.7269873379589016
483	E3	D4	Three	TwoPointFive	0.6548771949029133
484	E3	D5	Three	TwoPointFive	0.6695193286316246
485	E3	F1	Three	TwoPointFive	0.6437256180073706
486	E3	G1	Three	TwoPointFive	0.7104942602867493
487	E3	G4	Three	TwoPointFive	0.6227323247927515
488	E3	G5	Three	TwoPointFive	0.6373879307660528
489	E3	G6	Three	TwoPointFive	0.647372978104501
490	E3	G7	Three	TwoPointFive	0.5815405876523198
491	E3	G8	Three	TwoPointFive	0.6808144536006299
492	E4	A10	Three	TwoPointFive	0.42208591177115684
493	E4	A2	Three	TwoPointFive	0.5015897545487807
494	E4	A4	Three	TwoPointFive	0.5672370033848666
495	E4	A6	Three	TwoPointFive	0.47424456829793143
496	E4	C2	Three	TwoPointFive	0.5412533761075311
497	E4	D1	Three	TwoPointFive	0.47213629094078463
498	E4	D4	Three	TwoPointFive	0.35762743653260226
499	E4	D5	Three	TwoPointFive	0.3131774982290914
500	E4	F1	Three	TwoPointFive	0.4762043677495526
501	E4	G1	Three	TwoPointFive	0.4484389895282493
502	E4	G4	Three	TwoPointFive	0.41094364606874173
503	E4	G5	Three	TwoPointFive	0.461685144139225
504	E4	G6	Three	TwoPointFive	0.467118306555609
505	E4	G7	Three	TwoPointFive	0.43919517912029865
506	E4	G8	Three	TwoPointFive	0.38353827432639126
507	E6	A10	Three	TwoPointFive	0.532470561935576
508	E6	A2	Three	TwoPointFive	0.5434628449272864
509	E6	A4	Three	TwoPointFive	0.5906819393396113
510	E6	A6	Three	TwoPointFive	0.3875479612090057
511	E6	C2	Three	TwoPointFive	0.4318281892797798
512	E6	D1	Three	TwoPointFive	0.5542668073868386
513	E6	D4	Three	TwoPointFive	0.3879288769446331
514	E6	D5	Three	TwoPointFive	0.36021628426615565
515	E6	F1	Three	TwoPointFive	0.46841049217066144
516	E6	G1	Three	TwoPointFive	0.5083640718383596
517	E6	G4	Three	TwoPointFive	0.39667050757619043
518	E6	G5	Three	TwoPointFive	0.4234958973134736
519	E6	G6	Three	TwoPointFive	0.48366009929858206
520	E6	G7	Three	TwoPointFive	0.3931482067484981
521	E6	G8	Three	TwoPointFive	0.47613682637922466
522	G2	A10	Three	TwoPointFive	0.4258986608511551
523	G2	A2	Three	TwoPointFive	0.5920635136598852
524	G2	A4	Three	TwoPointFive	0.549042806046972
525	G2	A6	Three	TwoPointFive	0.4223239763159631
526	G2	C2	Three	TwoPointFive	0.4528646970347189
527	G2	D1	Three	TwoPointFive	0.3400085667413281
528	G2	D4	Three	TwoPointFive	0.46914108515856473
529	G2	D5	Three	TwoPointFive	0.31485440081067567
530	G2	F1	Three	TwoPointFive	0.3428101983891709
531	G2	G1	Three	TwoPointFive	0.3655281506678947
532	G2	G4	Three	TwoPointFive	0.3533897323253447
533	G2	G5	Three	TwoPointFive	0.3286968757749039
534	G2	G6	Three	TwoPointFive	0.33004365267092606
535	G2	G7	Three	TwoPointFive	0.40473712119859684
536	G2	G8	Three	TwoPointFive	0.4213325668797185
537	H2	A10	Three	TwoPointFive	0.3583161492013249
538	H2	A2	Three	TwoPointFive	0.49471882038777404
539	H2	A4	Three	TwoPointFive	0.4324087743815146
540	H2	A6	Three	TwoPointFive	0.41327215906903636
541	H2	C2	Three	TwoPointFive	0.5049884670289375
542	H2	D1	Three	TwoPointFive	0.4437067373979338
543	H2	D4	Three	TwoPointFive	0.4668185980743807
544	H2	D5	Three	TwoPointFive	0.30742549044092043
545	H2	F1	Three	TwoPointFive	0.4556161920557192
546	H2	G1	Three	TwoPointFive	0.4393317929956684
547	H2	G4	Three	TwoPointFive	0.3765987717470131
548	H2	G5	Three	TwoPointFive	0.4468453391127002
549	H2	G6	Three	TwoPointFive	0.4388279299551045
550	H2	G7	Three	TwoPointFive	0.37732418244058974
551	H2	G8	Three	TwoPointFive	0.32707205613240536
0	E7	E1	ThreePointFive	ThreePointFive	0.5261964990012112
1	E1	C4	ThreePointFive	FourPointFive	0.4648017520515269
2	E7	C4	ThreePointFive	FourPointFive	0.5301802103384582
3	E1	C1	ThreePointFive	OnePointFive	0.37783762902519213
4	E1	F2	ThreePointFive	OnePointFive	0.4240283074186922
5	E1	H3	ThreePointFive	OnePointFive	0.39739370251680495
6	E7	C1	ThreePointFive	OnePointFive	0.4433832510275027
7	E7	F2	ThreePointFive	OnePointFive	0.46232565628864986
8	E7	H3	ThreePointFive	OnePointFive	0.39547821096094876
9	E1	A1	ThreePointFive	Three	0.5183887229953533
10	E1	A5	ThreePointFive	Three	0.4305339790180747
11	E1	A7	ThreePointFive	Three	0.4464055196189325
12	E1	A8	ThreePointFive	Three	0.39796982464111097
13	E1	A9	ThreePointFive	Three	0.37084270844543754
14	E1	B3	ThreePointFive	Three	0.4031397050896811
15	E1	C3	ThreePointFive	Three	0.3702946313533034
16	E1	C5	ThreePointFive	Three	0.5109230275927186
17	E1	D2	ThreePointFive	Three	0.3727727278589048
18	E1	D3	ThreePointFive	Three	0.5342862773027192
19	E1	E2	ThreePointFive	Three	0.45823032457598634
20	E1	E3	ThreePointFive	Three	0.7198376387851052
21	E1	E4	ThreePointFive	Three	0.3740298735269207
22	E1	E6	ThreePointFive	Three	0.49148024522785894
23	E1	G2	ThreePointFive	Three	0.41469138654225257
24	E1	H2	ThreePointFive	Three	0.45270761252902575
25	E7	A1	ThreePointFive	Three	0.28480870955745546
26	E7	A5	ThreePointFive	Three	0.3329350735091477
27	E7	A7	ThreePointFive	Three	0.4611238172670592
28	E7	A8	ThreePointFive	Three	0.41229338873619653
29	E7	A9	ThreePointFive	Three	0.5270244149961885
30	E7	B3	ThreePointFive	Three	0.4897577464937486
31	E7	C3	ThreePointFive	Three	0.44921598147966463
32	E7	C5	ThreePointFive	Three	0.6050360931443175
33	E7	D2	ThreePointFive	Three	0.46615683844965294
34	E7	D3	ThreePointFive	Three	0.45384256723981475
35	E7	E2	ThreePointFive	Three	0.3824662942752396
36	E7	E3	ThreePointFive	Three	0.6011415755545778
37	E7	E4	ThreePointFive	Three	0.41382761885084407
38	E7	E6	ThreePointFive	Three	0.2624210661363147
39	E7	G2	ThreePointFive	Three	0.5454305601410993
40	E7	H2	ThreePointFive	Three	0.4173956378964559
41	E1	A3	ThreePointFive	Two	0.41862261888485436
42	E1	B1	ThreePointFive	Two	0.48658297408683504
43	E1	B2	ThreePointFive	Two	0.6076370781901078
44	E1	G3	ThreePointFive	Two	0.6053635653428631
45	E1	G9	ThreePointFive	Two	0.4116785623145593
46	E1	H1	ThreePointFive	Two	0.40859326965219656
47	E7	A3	ThreePointFive	Two	0.40867941206533154
48	E7	B1	ThreePointFive	Two	0.35322748146066624
49	E7	B2	ThreePointFive	Two	0.4871177195696983
50	E7	G3	ThreePointFive	Two	0.5008859884949837
51	E7	G9	ThreePointFive	Two	0.3898295625592978
52	E7	H1	ThreePointFive	Two	0.36399105363965245
53	E1	A10	ThreePointFive	TwoPointFive	0.39209683326255096
54	E1	A2	ThreePointFive	TwoPointFive	0.48887079205148476
55	E1	A4	ThreePointFive	TwoPointFive	0.5018507958240519
56	E1	A6	ThreePointFive	TwoPointFive	0.3878508587653337
57	E1	C2	ThreePointFive	TwoPointFive	0.5033977480252768
58	E1	D1	ThreePointFive	TwoPointFive	0.4468471205748827
59	E1	D4	ThreePointFive	TwoPointFive	0.4487740651388946
60	E1	D5	ThreePointFive	TwoPointFive	0.3637374407580196
61	E1	F1	ThreePointFive	TwoPointFive	0.41568911201782766
62	E1	G1	ThreePointFive	TwoPointFive	0.3955967354452657
63	E1	G4	ThreePointFive	TwoPointFive	0.3746539499250421
64	E1	G5	ThreePointFive	TwoPointFive	0.359817356631554
65	E1	G6	ThreePointFive	TwoPointFive	0.30125082419663923
66	E1	G7	ThreePointFive	TwoPointFive	0.3818660924765459
67	E1	G8	ThreePointFive	TwoPointFive	0.44568072977089324
68	E7	A10	ThreePointFive	TwoPointFive	0.49712498037458747
69	E7	A2	ThreePointFive	TwoPointFive	0.5341150535918161
70	E7	A4	ThreePointFive	TwoPointFive	0.5354940737874161
71	E7	A6	ThreePointFive	TwoPointFive	0.40501190662311615
72	E7	C2	ThreePointFive	TwoPointFive	0.5288602813079469
73	E7	D1	ThreePointFive	TwoPointFive	0.5878973380105188
74	E7	D4	ThreePointFive	TwoPointFive	0.40541387547603386
75	E7	D5	ThreePointFive	TwoPointFive	0.4417866341608877
76	E7	F1	ThreePointFive	TwoPointFive	0.556953044260532
77	E7	G1	ThreePointFive	TwoPointFive	0.50413068150711
78	E7	G4	ThreePointFive	TwoPointFive	0.39532937044958316
79	E7	G5	ThreePointFive	TwoPointFive	0.48509660157173334
80	E7	G6	ThreePointFive	TwoPointFive	0.5486319874737204
81	E7	G7	ThreePointFive	TwoPointFive	0.4341809532381944
82	E7	G8	ThreePointFive	TwoPointFive	0.4375610572855474
0	B1	A3	Two	Two	0.24059957801770537
1	B2	A3	Two	Two	0.49742892921035264
2	B2	B1	Two	Two	0.4587996320161382
3	G3	A3	Two	Two	0.5316585772376279
4	G3	B1	Two	Two	0.5121528390045798
5	G3	B2	Two	Two	0.5617207670296329
6	G9	A3	Two	Two	0.2709167645728473
7	G9	B1	Two	Two	0.24031375423363854
8	G9	B2	Two	Two	0.4822020837441768
9	G9	G3	Two	Two	0.535972713948865
10	H1	A3	Two	Two	0.43978000201373585
11	H1	B1	Two	Two	0.5038814393539138
12	H1	B2	Two	Two	0.5475344022464201
13	H1	G3	Two	Two	0.49029287492915985
14	H1	G9	Two	Two	0.40275600244782955
15	A3	C4	Two	FourPointFive	0.6027102276867432
16	B1	C4	Two	FourPointFive	0.6054387830222835
17	B2	C4	Two	FourPointFive	0.5888033851353718
18	G3	C4	Two	FourPointFive	0.6245493294676936
19	G9	C4	Two	FourPointFive	0.5356813862209129
20	H1	C4	Two	FourPointFive	0.4179520880098582
21	A3	C1	Two	OnePointFive	0.3418651965648487
22	A3	F2	Two	OnePointFive	0.26765077677197
23	A3	H3	Two	OnePointFive	0.3593649417368585
24	B1	C1	Two	OnePointFive	0.3912600195695316
25	B1	F2	Two	OnePointFive	0.2786284790248562
26	B1	H3	Two	OnePointFive	0.30378087100597034
27	B2	C1	Two	OnePointFive	0.47368756231163867
28	B2	F2	Two	OnePointFive	0.43258734133856
29	B2	H3	Two	OnePointFive	0.4538388161025696
30	G3	C1	Two	OnePointFive	0.5140415442332247
31	G3	F2	Two	OnePointFive	0.4559651166223831
32	G3	H3	Two	OnePointFive	0.47600596638206893
33	G9	C1	Two	OnePointFive	0.3008440609309643
34	G9	F2	Two	OnePointFive	0.2951731729864154
35	G9	H3	Two	OnePointFive	0.32523392046916333
36	H1	C1	Two	OnePointFive	0.44216648558396565
37	H1	F2	Two	OnePointFive	0.41223101221223346
38	H1	H3	Two	OnePointFive	0.3943174524583195
39	A3	A1	Two	Three	0.38107792316204897
40	A3	A5	Two	Three	0.3012931397863587
41	A3	A7	Two	Three	0.23079556360799994
42	A3	A8	Two	Three	0.32247941909229644
43	A3	A9	Two	Three	0.3817605468530916
44	A3	B3	Two	Three	0.44185206375302155
45	A3	C3	Two	Three	0.36803901516498805
46	A3	C5	Two	Three	0.4401286439755863
47	A3	D2	Two	Three	0.4784223945436515
48	A3	D3	Two	Three	0.4998319528637784
49	A3	E2	Two	Three	0.4858241272791105
50	A3	E3	Two	Three	0.6558754716419917
51	A3	E4	Two	Three	0.4862713379541521
52	A3	E6	Two	Three	0.345819151989196
53	A3	G2	Two	Three	0.4428348164060114
54	A3	H2	Two	Three	0.4064595630132197
55	B1	A1	Two	Three	0.37884349036310144
56	B1	A5	Two	Three	0.2793159473441132
57	B1	A7	Two	Three	0.27134163977348524
58	B1	A8	Two	Three	0.29127322972986014
59	B1	A9	Two	Three	0.39578976864326576
60	B1	B3	Two	Three	0.408843344754414
61	B1	C3	Two	Three	0.30167114137637063
62	B1	C5	Two	Three	0.4303984247533773
63	B1	D2	Two	Three	0.4470948973330022
64	B1	D3	Two	Three	0.4291528613460087
65	B1	E2	Two	Three	0.4287523638432571
66	B1	E3	Two	Three	0.6148962269786344
67	B1	E4	Two	Three	0.5222060652560332
68	B1	E6	Two	Three	0.37460726637282954
69	B1	G2	Two	Three	0.4309769644636691
70	B1	H2	Two	Three	0.39799190476662055
71	B2	A1	Two	Three	0.44769129384975553
72	B2	A5	Two	Three	0.39542519008038945
73	B2	A7	Two	Three	0.45497767499333436
74	B2	A8	Two	Three	0.5689769444980596
75	B2	A9	Two	Three	0.5405320236184251
76	B2	B3	Two	Three	0.5240267336969807
77	B2	C3	Two	Three	0.5234771834815568
78	B2	C5	Two	Three	0.5339886715143081
79	B2	D2	Two	Three	0.5528898854487342
80	B2	D3	Two	Three	0.5585554550355016
81	B2	E2	Two	Three	0.4873516699835253
82	B2	E3	Two	Three	0.5905122644883557
83	B2	E4	Two	Three	0.5685906882610614
84	B2	E6	Two	Three	0.5313690139645904
85	B2	G2	Two	Three	0.5772789283292815
86	B2	H2	Two	Three	0.5225238280159481
87	G3	A1	Two	Three	0.37772454681408985
88	G3	A5	Two	Three	0.4829064792208793
89	G3	A7	Two	Three	0.5393488777370021
90	G3	A8	Two	Three	0.5988549404354202
91	G3	A9	Two	Three	0.526695559966993
92	G3	B3	Two	Three	0.5334005728763866
93	G3	C3	Two	Three	0.566817134072833
94	G3	C5	Two	Three	0.5653738249341055
95	G3	D2	Two	Three	0.5234050862354838
96	G3	D3	Two	Three	0.5923306924127452
97	G3	E2	Two	Three	0.3174521400134392
98	G3	E3	Two	Three	0.4298795214940918
99	G3	E4	Two	Three	0.5103104062242413
100	G3	E6	Two	Three	0.5170628263297445
101	G3	G2	Two	Three	0.44099530175064977
102	G3	H2	Two	Three	0.5942645521913025
103	G9	A1	Two	Three	0.3808946116899648
104	G9	A5	Two	Three	0.2822172418216289
105	G9	A7	Two	Three	0.28347654001298195
106	G9	A8	Two	Three	0.30639809029244625
107	G9	A9	Two	Three	0.3712567979433339
108	G9	B3	Two	Three	0.3762422296403364
109	G9	C3	Two	Three	0.33956365975768893
110	G9	C5	Two	Three	0.42177343729796446
111	G9	D2	Two	Three	0.401706969955422
112	G9	D3	Two	Three	0.42978850424818255
113	G9	E2	Two	Three	0.36991974888353474
114	G9	E3	Two	Three	0.6502238299916913
115	G9	E4	Two	Three	0.4696140431283701
116	G9	E6	Two	Three	0.2518673438564527
117	G9	G2	Two	Three	0.40058272222934493
118	G9	H2	Two	Three	0.4000311096974216
119	H1	A1	Two	Three	0.30079863336716883
120	H1	A5	Two	Three	0.4093426250201454
121	H1	A7	Two	Three	0.4848627453591167
122	H1	A8	Two	Three	0.4738264986531369
123	H1	A9	Two	Three	0.44107259382031483
124	H1	B3	Two	Three	0.46023488668329643
125	H1	C3	Two	Three	0.4101602394311887
126	H1	C5	Two	Three	0.4953882178147956
127	H1	D2	Two	Three	0.32602282532139776
128	H1	D3	Two	Three	0.41556672740836764
129	H1	E2	Two	Three	0.3703237252920722
130	H1	E3	Two	Three	0.6624509131063367
131	H1	E4	Two	Three	0.15348937063269436
132	H1	E6	Two	Three	0.34112376360868407
133	H1	G2	Two	Three	0.4803333417457837
134	H1	H2	Two	Three	0.4133921158539403
135	A3	E1	Two	ThreePointFive	0.41862261888485436
136	A3	E7	Two	ThreePointFive	0.40867941206533154
137	B1	E1	Two	ThreePointFive	0.48658297408683504
138	B1	E7	Two	ThreePointFive	0.35322748146066624
139	B2	E1	Two	ThreePointFive	0.6076370781901078
140	B2	E7	Two	ThreePointFive	0.4871177195696983
141	G3	E1	Two	ThreePointFive	0.6053635653428631
142	G3	E7	Two	ThreePointFive	0.5008859884949837
143	G9	E1	Two	ThreePointFive	0.4116785623145593
144	G9	E7	Two	ThreePointFive	0.3898295625592978
145	H1	E1	Two	ThreePointFive	0.40859326965219656
146	H1	E7	Two	ThreePointFive	0.36399105363965245
147	A3	A10	Two	TwoPointFive	0.479529277061577
148	A3	A2	Two	TwoPointFive	0.5898104741149222
149	A3	A4	Two	TwoPointFive	0.5253161385200276
150	A3	A6	Two	TwoPointFive	0.31789931616078676
151	A3	C2	Two	TwoPointFive	0.30246142666241493
152	A3	D1	Two	TwoPointFive	0.5133536981393413
153	A3	D4	Two	TwoPointFive	0.49651924158315713
154	A3	D5	Two	TwoPointFive	0.36641204006136213
155	A3	F1	Two	TwoPointFive	0.4269749923990138
156	A3	G1	Two	TwoPointFive	0.4797337250391283
157	A3	G4	Two	TwoPointFive	0.3726215255287888
158	A3	G5	Two	TwoPointFive	0.3317801819335031
159	A3	G6	Two	TwoPointFive	0.3829798618675287
160	A3	G7	Two	TwoPointFive	0.22182928074461394
161	A3	G8	Two	TwoPointFive	0.4218390225560018
162	B1	A10	Two	TwoPointFive	0.4375510705125045
163	B1	A2	Two	TwoPointFive	0.5829145229184081
164	B1	A4	Two	TwoPointFive	0.48893726044022223
165	B1	A6	Two	TwoPointFive	0.3751514305937762
166	B1	C2	Two	TwoPointFive	0.2974917459364107
167	B1	D1	Two	TwoPointFive	0.4903408151645934
168	B1	D4	Two	TwoPointFive	0.45086861650246196
169	B1	D5	Two	TwoPointFive	0.33607756171434755
170	B1	F1	Two	TwoPointFive	0.4004216210348476
171	B1	G1	Two	TwoPointFive	0.4732697666579988
172	B1	G4	Two	TwoPointFive	0.34878816862480677
173	B1	G5	Two	TwoPointFive	0.3185200964714113
174	B1	G6	Two	TwoPointFive	0.39316560999689615
175	B1	G7	Two	TwoPointFive	0.356897017668503
176	B1	G8	Two	TwoPointFive	0.34596671115886124
177	B2	A10	Two	TwoPointFive	0.5765093302369944
178	B2	A2	Two	TwoPointFive	0.6400165893397421
179	B2	A4	Two	TwoPointFive	0.5819663770192398
180	B2	A6	Two	TwoPointFive	0.5056293610326298
181	B2	C2	Two	TwoPointFive	0.5387240873474548
182	B2	D1	Two	TwoPointFive	0.6206623757601328
183	B2	D4	Two	TwoPointFive	0.5165997422642962
184	B2	D5	Two	TwoPointFive	0.49741602691794884
185	B2	F1	Two	TwoPointFive	0.5725178180831569
186	B2	G1	Two	TwoPointFive	0.5745276945646045
187	B2	G4	Two	TwoPointFive	0.47649276886766595
188	B2	G5	Two	TwoPointFive	0.5527034770054527
189	B2	G6	Two	TwoPointFive	0.546555815312601
190	B2	G7	Two	TwoPointFive	0.49562568039157384
191	B2	G8	Two	TwoPointFive	0.4801871755820333
192	G3	A10	Two	TwoPointFive	0.6076035541163387
193	G3	A2	Two	TwoPointFive	0.6350300417359069
194	G3	A4	Two	TwoPointFive	0.6707987229242065
195	G3	A6	Two	TwoPointFive	0.49956162360851636
196	G3	C2	Two	TwoPointFive	0.39981320379497864
197	G3	D1	Two	TwoPointFive	0.5655689241404629
198	G3	D4	Two	TwoPointFive	0.5029142065257047
199	G3	D5	Two	TwoPointFive	0.5138466173395024
200	G3	F1	Two	TwoPointFive	0.491028152149242
201	G3	G1	Two	TwoPointFive	0.5699871751024292
202	G3	G4	Two	TwoPointFive	0.47950574486149666
203	G3	G5	Two	TwoPointFive	0.540203709267031
204	G3	G6	Two	TwoPointFive	0.5664677771481894
205	G3	G7	Two	TwoPointFive	0.41382881162330226
206	G3	G8	Two	TwoPointFive	0.5434886724135464
207	G9	A10	Two	TwoPointFive	0.4017146310742018
208	G9	A2	Two	TwoPointFive	0.5690450500798636
209	G9	A4	Two	TwoPointFive	0.48812811035767734
210	G9	A6	Two	TwoPointFive	0.3252865244973539
211	G9	C2	Two	TwoPointFive	0.31885625125544886
212	G9	D1	Two	TwoPointFive	0.4676247117581416
213	G9	D4	Two	TwoPointFive	0.36130952080976786
214	G9	D5	Two	TwoPointFive	0.2836402190024019
215	G9	F1	Two	TwoPointFive	0.37243910654648676
216	G9	G1	Two	TwoPointFive	0.4424394601079872
217	G9	G4	Two	TwoPointFive	0.28954334738881815
218	G9	G5	Two	TwoPointFive	0.3225428014830939
219	G9	G6	Two	TwoPointFive	0.36246269850005464
220	G9	G7	Two	TwoPointFive	0.3098350837703462
221	G9	G8	Two	TwoPointFive	0.29277656114866185
222	H1	A10	Two	TwoPointFive	0.42672446342866077
223	H1	A2	Two	TwoPointFive	0.4483631263851562
224	H1	A4	Two	TwoPointFive	0.5996499028089419
225	H1	A6	Two	TwoPointFive	0.4006307961559082
226	H1	C2	Two	TwoPointFive	0.5301629199357183
227	H1	D1	Two	TwoPointFive	0.499970865003795
228	H1	D4	Two	TwoPointFive	0.313887183194382
229	H1	D5	Two	TwoPointFive	0.3795104077876236
230	H1	F1	Two	TwoPointFive	0.4401150995331141
231	H1	G1	Two	TwoPointFive	0.47445753177099037
232	H1	G4	Two	TwoPointFive	0.3414140187603716
233	H1	G5	Two	TwoPointFive	0.49177630119068816
234	H1	G6	Two	TwoPointFive	0.47750221889767663
235	H1	G7	Two	TwoPointFive	0.360243671985058
236	H1	G8	Two	TwoPointFive	0.3867222352303316
0	A2	A10	TwoPointFive	TwoPointFive	0.4190981029421633
1	A4	A10	TwoPointFive	TwoPointFive	0.4088663519343735
2	A4	A2	TwoPointFive	TwoPointFive	0.6005385259854756
3	A6	A10	TwoPointFive	TwoPointFive	0.3510589895181253
4	A6	A2	TwoPointFive	TwoPointFive	0.47909542194244426
5	A6	A4	TwoPointFive	TwoPointFive	0.4652250461871623
6	C2	A10	TwoPointFive	TwoPointFive	0.5581996598587846
7	C2	A2	TwoPointFive	TwoPointFive	0.6827686140870171
8	C2	A4	TwoPointFive	TwoPointFive	0.5998459434624814
9	C2	A6	TwoPointFive	TwoPointFive	0.43200275080630657
10	D1	A10	TwoPointFive	TwoPointFive	0.3453844286628382
11	D1	A2	TwoPointFive	TwoPointFive	0.461356565767257
12	D1	A4	TwoPointFive	TwoPointFive	0.5779255326960532
13	D1	A6	TwoPointFive	TwoPointFive	0.4498985433108593
14	D1	C2	TwoPointFive	TwoPointFive	0.5466377201280949
15	D4	A10	TwoPointFive	TwoPointFive	0.392453271751992
16	D4	A2	TwoPointFive	TwoPointFive	0.4935138720669061
17	D4	A4	TwoPointFive	TwoPointFive	0.5251987286733978
18	D4	A6	TwoPointFive	TwoPointFive	0.40107427727975936
19	D4	C2	TwoPointFive	TwoPointFive	0.5279238755952805
20	D4	D1	TwoPointFive	TwoPointFive	0.5041819336641971
21	D5	A10	TwoPointFive	TwoPointFive	0.3467105268250212
22	D5	A2	TwoPointFive	TwoPointFive	0.5352192438268731
23	D5	A4	TwoPointFive	TwoPointFive	0.47467610809353195
24	D5	A6	TwoPointFive	TwoPointFive	0.3481903152391902
25	D5	C2	TwoPointFive	TwoPointFive	0.36479992501654
26	D5	D1	TwoPointFive	TwoPointFive	0.35354919394445167
27	D5	D4	TwoPointFive	TwoPointFive	0.3637636997167925
28	F1	A10	TwoPointFive	TwoPointFive	0.4449948515834992
29	F1	A2	TwoPointFive	TwoPointFive	0.49009308315779043
30	F1	A4	TwoPointFive	TwoPointFive	0.5542917215150723
31	F1	A6	TwoPointFive	TwoPointFive	0.3754570795340593
32	F1	C2	TwoPointFive	TwoPointFive	0.42666056435586064
33	F1	D1	TwoPointFive	TwoPointFive	0.3486876020050126
34	F1	D4	TwoPointFive	TwoPointFive	0.47284919623507204
35	F1	D5	TwoPointFive	TwoPointFive	0.36935372017024165
36	G1	A10	TwoPointFive	TwoPointFive	0.34986594377894603
37	G1	A2	TwoPointFive	TwoPointFive	0.41049247991976473
38	G1	A4	TwoPointFive	TwoPointFive	0.5294361140306174
39	G1	A6	TwoPointFive	TwoPointFive	0.40440266908331945
40	G1	C2	TwoPointFive	TwoPointFive	0.5775826839208691
41	G1	D1	TwoPointFive	TwoPointFive	0.3898637092034379
42	G1	D4	TwoPointFive	TwoPointFive	0.44287028706194553
43	G1	D5	TwoPointFive	TwoPointFive	0.38963888936687174
44	G1	F1	TwoPointFive	TwoPointFive	0.5017271575886212
45	G4	A10	TwoPointFive	TwoPointFive	0.31636225105625965
46	G4	A2	TwoPointFive	TwoPointFive	0.4490548850778468
47	G4	A4	TwoPointFive	TwoPointFive	0.49600260225253257
48	G4	A6	TwoPointFive	TwoPointFive	0.2951163722878312
49	G4	C2	TwoPointFive	TwoPointFive	0.45612494886416954
50	G4	D1	TwoPointFive	TwoPointFive	0.3859017725557838
51	G4	D4	TwoPointFive	TwoPointFive	0.3997200268725945
52	G4	D5	TwoPointFive	TwoPointFive	0.3583238141416067
53	G4	F1	TwoPointFive	TwoPointFive	0.3659988772942494
54	G4	G1	TwoPointFive	TwoPointFive	0.29934535657392264
55	G5	A10	TwoPointFive	TwoPointFive	0.46427907868063106
56	G5	A2	TwoPointFive	TwoPointFive	0.6163991455300026
57	G5	A4	TwoPointFive	TwoPointFive	0.5186160542287089
58	G5	A6	TwoPointFive	TwoPointFive	0.41678569753403116
59	G5	C2	TwoPointFive	TwoPointFive	0.34899418687713296
60	G5	D1	TwoPointFive	TwoPointFive	0.4688697489720121
61	G5	D4	TwoPointFive	TwoPointFive	0.5093017690911332
62	G5	D5	TwoPointFive	TwoPointFive	0.31181418821825513
63	G5	F1	TwoPointFive	TwoPointFive	0.3793932659227796
64	G5	G1	TwoPointFive	TwoPointFive	0.4587201971373988
65	G5	G4	TwoPointFive	TwoPointFive	0.3934146553669227
66	G6	A10	TwoPointFive	TwoPointFive	0.39938646214414664
67	G6	A2	TwoPointFive	TwoPointFive	0.5514736738089399
68	G6	A4	TwoPointFive	TwoPointFive	0.5259884717762672
69	G6	A6	TwoPointFive	TwoPointFive	0.4157438275748212
70	G6	C2	TwoPointFive	TwoPointFive	0.4091589348194459
71	G6	D1	TwoPointFive	TwoPointFive	0.40717999105740205
72	G6	D4	TwoPointFive	TwoPointFive	0.5412548942286322
73	G6	D5	TwoPointFive	TwoPointFive	0.3473332213430675
74	G6	F1	TwoPointFive	TwoPointFive	0.31993001455335296
75	G6	G1	TwoPointFive	TwoPointFive	0.4322492809521437
76	G6	G4	TwoPointFive	TwoPointFive	0.3575617705510925
77	G6	G5	TwoPointFive	TwoPointFive	0.2251516687636817
78	G7	A10	TwoPointFive	TwoPointFive	0.4208444587089597
79	G7	A2	TwoPointFive	TwoPointFive	0.5233298809430663
80	G7	A4	TwoPointFive	TwoPointFive	0.5296054724685435
81	G7	A6	TwoPointFive	TwoPointFive	0.22871141493209135
82	G7	C2	TwoPointFive	TwoPointFive	0.3742698744428973
83	G7	D1	TwoPointFive	TwoPointFive	0.5088763371783294
84	G7	D4	TwoPointFive	TwoPointFive	0.4331950500273574
85	G7	D5	TwoPointFive	TwoPointFive	0.37380938447964307
86	G7	F1	TwoPointFive	TwoPointFive	0.4198178130441638
87	G7	G1	TwoPointFive	TwoPointFive	0.42314396528896736
88	G7	G4	TwoPointFive	TwoPointFive	0.28833001417082327
89	G7	G5	TwoPointFive	TwoPointFive	0.39645701918642784
90	G7	G6	TwoPointFive	TwoPointFive	0.4007393278666004
91	G8	A10	TwoPointFive	TwoPointFive	0.3328774718597918
92	G8	A2	TwoPointFive	TwoPointFive	0.5499505910564446
93	G8	A4	TwoPointFive	TwoPointFive	0.452675433516384
94	G8	A6	TwoPointFive	TwoPointFive	0.3802983444703956
95	G8	C2	TwoPointFive	TwoPointFive	0.4609682080015513
96	G8	D1	TwoPointFive	TwoPointFive	0.4538950149166696
97	G8	D4	TwoPointFive	TwoPointFive	0.34461463802069414
98	G8	D5	TwoPointFive	TwoPointFive	0.29436187143929515
99	G8	F1	TwoPointFive	TwoPointFive	0.44702296926919133
100	G8	G1	TwoPointFive	TwoPointFive	0.41597068013569877
101	G8	G4	TwoPointFive	TwoPointFive	0.3477144331013584
102	G8	G5	TwoPointFive	TwoPointFive	0.33572841188301206
103	G8	G6	TwoPointFive	TwoPointFive	0.39414401565004425
104	G8	G7	TwoPointFive	TwoPointFive	0.3760198790055841
105	A10	C4	TwoPointFive	FourPointFive	0.4351947520302634
106	A2	C4	TwoPointFive	FourPointFive	0.44640012295347525
107	A4	C4	TwoPointFive	FourPointFive	0.5717053523950508
108	A6	C4	TwoPointFive	FourPointFive	0.5132169327981173
109	C2	C4	TwoPointFive	FourPointFive	0.6513058515647326
110	D1	C4	TwoPointFive	FourPointFive	0.5498547895487855
111	D4	C4	TwoPointFive	FourPointFive	0.45164724868736067
112	D5	C4	TwoPointFive	FourPointFive	0.4503957538725183
113	F1	C4	TwoPointFive	FourPointFive	0.582137224957493
114	G1	C4	TwoPointFive	FourPointFive	0.37736277144827973
115	G4	C4	TwoPointFive	FourPointFive	0.4925153979534823
116	G5	C4	TwoPointFive	FourPointFive	0.5739675409264783
117	G6	C4	TwoPointFive	FourPointFive	0.5242289778441185
118	G7	C4	TwoPointFive	FourPointFive	0.5468796574993644
119	G8	C4	TwoPointFive	FourPointFive	0.5333348537420933
120	A10	C1	TwoPointFive	OnePointFive	0.3582005334012015
121	A10	F2	TwoPointFive	OnePointFive	0.4836816100706194
122	A10	H3	TwoPointFive	OnePointFive	0.44522155511403394
123	A2	C1	TwoPointFive	OnePointFive	0.580167842532508
124	A2	F2	TwoPointFive	OnePointFive	0.5665660211866069
125	A2	H3	TwoPointFive	OnePointFive	0.5452905171468992
126	A4	C1	TwoPointFive	OnePointFive	0.39731936465073725
127	A4	F2	TwoPointFive	OnePointFive	0.5295876846042271
128	A4	H3	TwoPointFive	OnePointFive	0.5222406593837882
129	A6	C1	TwoPointFive	OnePointFive	0.3690152464642027
130	A6	F2	TwoPointFive	OnePointFive	0.3307721284141993
131	A6	H3	TwoPointFive	OnePointFive	0.3343734971784541
132	C2	C1	TwoPointFive	OnePointFive	0.4149316342239216
133	C2	F2	TwoPointFive	OnePointFive	0.2871685140597491
134	C2	H3	TwoPointFive	OnePointFive	0.3989070441034386
135	D1	C1	TwoPointFive	OnePointFive	0.4982592610707159
136	D1	F2	TwoPointFive	OnePointFive	0.48647593415486146
137	D1	H3	TwoPointFive	OnePointFive	0.49413937178231077
138	D4	C1	TwoPointFive	OnePointFive	0.42471524447241754
139	D4	F2	TwoPointFive	OnePointFive	0.4367383580747368
140	D4	H3	TwoPointFive	OnePointFive	0.4143498518935941
141	D5	C1	TwoPointFive	OnePointFive	0.3371020067877559
142	D5	F2	TwoPointFive	OnePointFive	0.2632115124384922
143	D5	H3	TwoPointFive	OnePointFive	0.36240697079653567
144	F1	C1	TwoPointFive	OnePointFive	0.49553223478643166
145	F1	F2	TwoPointFive	OnePointFive	0.3634324414808995
146	F1	H3	TwoPointFive	OnePointFive	0.3952867581139258
147	G1	C1	TwoPointFive	OnePointFive	0.4324008985973955
148	G1	F2	TwoPointFive	OnePointFive	0.4995193944707764
149	G1	H3	TwoPointFive	OnePointFive	0.44129005082992223
150	G4	C1	TwoPointFive	OnePointFive	0.36857975671958565
151	G4	F2	TwoPointFive	OnePointFive	0.35376923102817415
152	G4	H3	TwoPointFive	OnePointFive	0.31684638368972134
153	G5	C1	TwoPointFive	OnePointFive	0.35303968706348154
154	G5	F2	TwoPointFive	OnePointFive	0.33479679555689623
155	G5	H3	TwoPointFive	OnePointFive	0.26055302871259406
156	G6	C1	TwoPointFive	OnePointFive	0.3609166271420644
157	G6	F2	TwoPointFive	OnePointFive	0.32309185144360847
158	G6	H3	TwoPointFive	OnePointFive	0.3672491433870003
159	G7	C1	TwoPointFive	OnePointFive	0.24964116805302572
160	G7	F2	TwoPointFive	OnePointFive	0.2688755918818812
161	G7	H3	TwoPointFive	OnePointFive	0.29175185299196893
162	G8	C1	TwoPointFive	OnePointFive	0.2754562384120066
163	G8	F2	TwoPointFive	OnePointFive	0.39584412538594904
164	G8	H3	TwoPointFive	OnePointFive	0.26852867299493627
165	A10	A1	TwoPointFive	Three	0.5426752523188336
166	A10	A5	TwoPointFive	Three	0.47312421411144373
167	A10	A7	TwoPointFive	Three	0.3889088887983755
168	A10	A8	TwoPointFive	Three	0.38809159343438454
169	A10	A9	TwoPointFive	Three	0.40285131674415686
170	A10	B3	TwoPointFive	Three	0.4245835141599166
171	A10	C3	TwoPointFive	Three	0.30047005926745074
172	A10	C5	TwoPointFive	Three	0.4928908822627086
173	A10	D2	TwoPointFive	Three	0.3234283048333058
174	A10	D3	TwoPointFive	Three	0.353716822519385
175	A10	E2	TwoPointFive	Three	0.4630220344018053
176	A10	E3	TwoPointFive	Three	0.7011356860028073
177	A10	E4	TwoPointFive	Three	0.42208591177115684
178	A10	E6	TwoPointFive	Three	0.532470561935576
179	A10	G2	TwoPointFive	Three	0.4258986608511551
180	A10	H2	TwoPointFive	Three	0.3583161492013249
181	A2	A1	TwoPointFive	Three	0.5777472235832924
182	A2	A5	TwoPointFive	Three	0.6019012389905732
183	A2	A7	TwoPointFive	Three	0.5662346000365094
184	A2	A8	TwoPointFive	Three	0.5713067948197642
185	A2	A9	TwoPointFive	Three	0.5629798866306341
186	A2	B3	TwoPointFive	Three	0.40142051506148324
187	A2	C3	TwoPointFive	Three	0.4695969954429099
188	A2	C5	TwoPointFive	Three	0.5955413729887321
189	A2	D2	TwoPointFive	Three	0.5227644284905825
190	A2	D3	TwoPointFive	Three	0.43187005640788323
191	A2	E2	TwoPointFive	Three	0.5120401179105474
192	A2	E3	TwoPointFive	Three	0.7470522829127378
193	A2	E4	TwoPointFive	Three	0.5015897545487807
194	A2	E6	TwoPointFive	Three	0.5434628449272864
195	A2	G2	TwoPointFive	Three	0.5920635136598852
196	A2	H2	TwoPointFive	Three	0.49471882038777404
197	A4	A1	TwoPointFive	Three	0.5846049454132006
198	A4	A5	TwoPointFive	Three	0.4778263437320422
199	A4	A7	TwoPointFive	Three	0.46703676660366317
200	A4	A8	TwoPointFive	Three	0.48574591445392307
201	A4	A9	TwoPointFive	Three	0.51822174339518
202	A4	B3	TwoPointFive	Three	0.5175177713003529
203	A4	C3	TwoPointFive	Three	0.4619650240390047
204	A4	C5	TwoPointFive	Three	0.6382813959572277
205	A4	D2	TwoPointFive	Three	0.4902214450457579
206	A4	D3	TwoPointFive	Three	0.5367050716199954
207	A4	E2	TwoPointFive	Three	0.5666848904349593
208	A4	E3	TwoPointFive	Three	0.7608823619022834
209	A4	E4	TwoPointFive	Three	0.5672370033848666
210	A4	E6	TwoPointFive	Three	0.5906819393396113
211	A4	G2	TwoPointFive	Three	0.549042806046972
212	A4	H2	TwoPointFive	Three	0.4324087743815146
213	A6	A1	TwoPointFive	Three	0.4213553972497434
214	A6	A5	TwoPointFive	Three	0.29451974452868
215	A6	A7	TwoPointFive	Three	0.24336630428217632
216	A6	A8	TwoPointFive	Three	0.35354441156440014
217	A6	A9	TwoPointFive	Three	0.42255631072680594
218	A6	B3	TwoPointFive	Three	0.29093501987829784
219	A6	C3	TwoPointFive	Three	0.43870053365974937
220	A6	C5	TwoPointFive	Three	0.43479028020791616
221	A6	D2	TwoPointFive	Three	0.3992149323125173
222	A6	D3	TwoPointFive	Three	0.4838073615127594
223	A6	E2	TwoPointFive	Three	0.37600883655430073
224	A6	E3	TwoPointFive	Three	0.6084943097841805
225	A6	E4	TwoPointFive	Three	0.47424456829793143
226	A6	E6	TwoPointFive	Three	0.3875479612090057
227	A6	G2	TwoPointFive	Three	0.4223239763159631
228	A6	H2	TwoPointFive	Three	0.41327215906903636
229	C2	A1	TwoPointFive	Three	0.46198670352284205
230	C2	A5	TwoPointFive	Three	0.3565750188380115
231	C2	A7	TwoPointFive	Three	0.3162979332898991
232	C2	A8	TwoPointFive	Three	0.4465856922082354
233	C2	A9	TwoPointFive	Three	0.3610336223887007
234	C2	B3	TwoPointFive	Three	0.47555678047290306
235	C2	C3	TwoPointFive	Three	0.43447425633773334
236	C2	C5	TwoPointFive	Three	0.47702879309870905
237	C2	D2	TwoPointFive	Three	0.5249216045526973
238	C2	D3	TwoPointFive	Three	0.5526732084202721
239	C2	E2	TwoPointFive	Three	0.49371853147995365
240	C2	E3	TwoPointFive	Three	0.5192337701859282
241	C2	E4	TwoPointFive	Three	0.5412533761075311
242	C2	E6	TwoPointFive	Three	0.4318281892797798
243	C2	G2	TwoPointFive	Three	0.4528646970347189
244	C2	H2	TwoPointFive	Three	0.5049884670289375
245	D1	A1	TwoPointFive	Three	0.589737634967602
246	D1	A5	TwoPointFive	Three	0.5590996816465059
247	D1	A7	TwoPointFive	Three	0.46463214399090835
248	D1	A8	TwoPointFive	Three	0.446242394718866
249	D1	A9	TwoPointFive	Three	0.4002823649480278
250	D1	B3	TwoPointFive	Three	0.4163689371444043
251	D1	C3	TwoPointFive	Three	0.38231001962596145
252	D1	C5	TwoPointFive	Three	0.48096193139713184
253	D1	D2	TwoPointFive	Three	0.35136650923821655
254	D1	D3	TwoPointFive	Three	0.4136283246241588
255	D1	E2	TwoPointFive	Three	0.45337391789827824
256	D1	E3	TwoPointFive	Three	0.7269873379589016
257	D1	E4	TwoPointFive	Three	0.47213629094078463
258	D1	E6	TwoPointFive	Three	0.5542668073868386
259	D1	G2	TwoPointFive	Three	0.3400085667413281
260	D1	H2	TwoPointFive	Three	0.4437067373979338
261	D4	A1	TwoPointFive	Three	0.4125992154888527
262	D4	A5	TwoPointFive	Three	0.40550960782911055
263	D4	A7	TwoPointFive	Three	0.4692267971216357
264	D4	A8	TwoPointFive	Three	0.4156825536343763
265	D4	A9	TwoPointFive	Three	0.4567425137587615
266	D4	B3	TwoPointFive	Three	0.41802069651135554
267	D4	C3	TwoPointFive	Three	0.44833757856310963
268	D4	C5	TwoPointFive	Three	0.544540546991787
269	D4	D2	TwoPointFive	Three	0.37170668030228055
270	D4	D3	TwoPointFive	Three	0.40355910674027906
271	D4	E2	TwoPointFive	Three	0.30403890282063983
272	D4	E3	TwoPointFive	Three	0.6548771949029133
273	D4	E4	TwoPointFive	Three	0.35762743653260226
274	D4	E6	TwoPointFive	Three	0.3879288769446331
275	D4	G2	TwoPointFive	Three	0.46914108515856473
276	D4	H2	TwoPointFive	Three	0.4668185980743807
277	D5	A1	TwoPointFive	Three	0.4243062113384246
278	D5	A5	TwoPointFive	Three	0.3382799223445291
279	D5	A7	TwoPointFive	Three	0.34448189144984914
280	D5	A8	TwoPointFive	Three	0.2866456540484047
281	D5	A9	TwoPointFive	Three	0.2105422969969481
282	D5	B3	TwoPointFive	Three	0.40385836326086877
283	D5	C3	TwoPointFive	Three	0.25801586482232736
284	D5	C5	TwoPointFive	Three	0.3994325158414916
285	D5	D2	TwoPointFive	Three	0.25334462800285396
286	D5	D3	TwoPointFive	Three	0.393304850208204
287	D5	E2	TwoPointFive	Three	0.3927180879745094
288	D5	E3	TwoPointFive	Three	0.6695193286316246
289	D5	E4	TwoPointFive	Three	0.3131774982290914
290	D5	E6	TwoPointFive	Three	0.36021628426615565
291	D5	G2	TwoPointFive	Three	0.31485440081067567
292	D5	H2	TwoPointFive	Three	0.30742549044092043
293	F1	A1	TwoPointFive	Three	0.5246441189316502
294	F1	A5	TwoPointFive	Three	0.41544135530199694
295	F1	A7	TwoPointFive	Three	0.3653593072394189
296	F1	A8	TwoPointFive	Three	0.472774985272002
297	F1	A9	TwoPointFive	Three	0.3483300782435123
298	F1	B3	TwoPointFive	Three	0.4190888479828457
299	F1	C3	TwoPointFive	Three	0.32342656487622495
300	F1	C5	TwoPointFive	Three	0.41672450286494167
301	F1	D2	TwoPointFive	Three	0.3591963650975244
302	F1	D3	TwoPointFive	Three	0.44813817360711633
303	F1	E2	TwoPointFive	Three	0.3958521057356888
304	F1	E3	TwoPointFive	Three	0.6437256180073706
305	F1	E4	TwoPointFive	Three	0.4762043677495526
306	F1	E6	TwoPointFive	Three	0.46841049217066144
307	F1	G2	TwoPointFive	Three	0.3428101983891709
308	F1	H2	TwoPointFive	Three	0.4556161920557192
309	G1	A1	TwoPointFive	Three	0.5249319476807973
310	G1	A5	TwoPointFive	Three	0.46920303401990066
311	G1	A7	TwoPointFive	Three	0.48825965018486384
312	G1	A8	TwoPointFive	Three	0.3534016201659362
313	G1	A9	TwoPointFive	Three	0.44920868730320945
314	G1	B3	TwoPointFive	Three	0.329174248222366
315	G1	C3	TwoPointFive	Three	0.408931953250777
316	G1	C5	TwoPointFive	Three	0.4729295275102549
317	G1	D2	TwoPointFive	Three	0.37153578463128883
318	G1	D3	TwoPointFive	Three	0.4914867108197375
319	G1	E2	TwoPointFive	Three	0.4666039038911691
320	G1	E3	TwoPointFive	Three	0.7104942602867493
321	G1	E4	TwoPointFive	Three	0.4484389895282493
322	G1	E6	TwoPointFive	Three	0.5083640718383596
323	G1	G2	TwoPointFive	Three	0.3655281506678947
324	G1	H2	TwoPointFive	Three	0.4393317929956684
325	G4	A1	TwoPointFive	Three	0.4148094123889641
326	G4	A5	TwoPointFive	Three	0.32069253913112206
327	G4	A7	TwoPointFive	Three	0.3617794380632881
328	G4	A8	TwoPointFive	Three	0.36527112457199107
329	G4	A9	TwoPointFive	Three	0.42653604017599905
330	G4	B3	TwoPointFive	Three	0.29811608373005655
331	G4	C3	TwoPointFive	Three	0.32268682181631747
332	G4	C5	TwoPointFive	Three	0.3862934101546525
333	G4	D2	TwoPointFive	Three	0.35564010961517756
334	G4	D3	TwoPointFive	Three	0.4168041655970367
335	G4	E2	TwoPointFive	Three	0.32168109125175814
336	G4	E3	TwoPointFive	Three	0.6227323247927515
337	G4	E4	TwoPointFive	Three	0.41094364606874173
338	G4	E6	TwoPointFive	Three	0.39667050757619043
339	G4	G2	TwoPointFive	Three	0.3533897323253447
340	G4	H2	TwoPointFive	Three	0.3765987717470131
341	G5	A1	TwoPointFive	Three	0.4532008033195848
342	G5	A5	TwoPointFive	Three	0.3913258185608935
343	G5	A7	TwoPointFive	Three	0.36026964408934714
344	G5	A8	TwoPointFive	Three	0.29117532571981114
345	G5	A9	TwoPointFive	Three	0.1982825208914333
346	G5	B3	TwoPointFive	Three	0.453823583803865
347	G5	C3	TwoPointFive	Three	0.2951302152431595
348	G5	C5	TwoPointFive	Three	0.49023862308741484
349	G5	D2	TwoPointFive	Three	0.3975191304783256
350	G5	D3	TwoPointFive	Three	0.5377728523507791
351	G5	E2	TwoPointFive	Three	0.47721255859901707
352	G5	E3	TwoPointFive	Three	0.6373879307660528
353	G5	E4	TwoPointFive	Three	0.461685144139225
354	G5	E6	TwoPointFive	Three	0.4234958973134736
355	G5	G2	TwoPointFive	Three	0.3286968757749039
356	G5	H2	TwoPointFive	Three	0.4468453391127002
357	G6	A1	TwoPointFive	Three	0.4884297391681901
358	G6	A5	TwoPointFive	Three	0.4132439556206131
359	G6	A7	TwoPointFive	Three	0.31838506273855377
360	G6	A8	TwoPointFive	Three	0.3845687141196843
361	G6	A9	TwoPointFive	Three	0.27611901562461905
362	G6	B3	TwoPointFive	Three	0.4308623308897989
363	G6	C3	TwoPointFive	Three	0.2428053838823615
364	G6	C5	TwoPointFive	Three	0.44674787190733534
365	G6	D2	TwoPointFive	Three	0.4102485801391649
366	G6	D3	TwoPointFive	Three	0.5014973896257441
367	G6	E2	TwoPointFive	Three	0.5017488824805622
368	G6	E3	TwoPointFive	Three	0.647372978104501
369	G6	E4	TwoPointFive	Three	0.467118306555609
370	G6	E6	TwoPointFive	Three	0.48366009929858206
371	G6	G2	TwoPointFive	Three	0.33004365267092606
372	G6	H2	TwoPointFive	Three	0.4388279299551045
373	G7	A1	TwoPointFive	Three	0.30298228256250626
374	G7	A5	TwoPointFive	Three	0.2595258014435768
375	G7	A7	TwoPointFive	Three	0.3078214249184006
376	G7	A8	TwoPointFive	Three	0.39882505088687503
377	G7	A9	TwoPointFive	Three	0.4114670495958439
378	G7	B3	TwoPointFive	Three	0.3745279224278219
379	G7	C3	TwoPointFive	Three	0.3965771784199284
380	G7	C5	TwoPointFive	Three	0.40422980618250987
381	G7	D2	TwoPointFive	Three	0.42621706456269143
382	G7	D3	TwoPointFive	Three	0.5430032923338993
383	G7	E2	TwoPointFive	Three	0.35162390498878
384	G7	E3	TwoPointFive	Three	0.5815405876523198
385	G7	E4	TwoPointFive	Three	0.43919517912029865
386	G7	E6	TwoPointFive	Three	0.3931482067484981
387	G7	G2	TwoPointFive	Three	0.40473712119859684
388	G7	H2	TwoPointFive	Three	0.37732418244058974
389	G8	A1	TwoPointFive	Three	0.36307443090814445
390	G8	A5	TwoPointFive	Three	0.3509003948434715
391	G8	A7	TwoPointFive	Three	0.40584558293909334
392	G8	A8	TwoPointFive	Three	0.3843063773102648
393	G8	A9	TwoPointFive	Three	0.3283431024087376
394	G8	B3	TwoPointFive	Three	0.4211176439451404
395	G8	C3	TwoPointFive	Three	0.3374394983785128
396	G8	C5	TwoPointFive	Three	0.5030887392275614
397	G8	D2	TwoPointFive	Three	0.31740701988108316
398	G8	D3	TwoPointFive	Three	0.48030252446124877
399	G8	E2	TwoPointFive	Three	0.4167939973290842
400	G8	E3	TwoPointFive	Three	0.6808144536006299
401	G8	E4	TwoPointFive	Three	0.38353827432639126
402	G8	E6	TwoPointFive	Three	0.47613682637922466
403	G8	G2	TwoPointFive	Three	0.4213325668797185
404	G8	H2	TwoPointFive	Three	0.32707205613240536
405	A10	E1	TwoPointFive	ThreePointFive	0.39209683326255096
406	A10	E7	TwoPointFive	ThreePointFive	0.49712498037458747
407	A2	E1	TwoPointFive	ThreePointFive	0.48887079205148476
408	A2	E7	TwoPointFive	ThreePointFive	0.5341150535918161
409	A4	E1	TwoPointFive	ThreePointFive	0.5018507958240519
410	A4	E7	TwoPointFive	ThreePointFive	0.5354940737874161
411	A6	E1	TwoPointFive	ThreePointFive	0.3878508587653337
412	A6	E7	TwoPointFive	ThreePointFive	0.40501190662311615
413	C2	E1	TwoPointFive	ThreePointFive	0.5033977480252768
414	C2	E7	TwoPointFive	ThreePointFive	0.5288602813079469
415	D1	E1	TwoPointFive	ThreePointFive	0.4468471205748827
416	D1	E7	TwoPointFive	ThreePointFive	0.5878973380105188
417	D4	E1	TwoPointFive	ThreePointFive	0.4487740651388946
418	D4	E7	TwoPointFive	ThreePointFive	0.40541387547603386
419	D5	E1	TwoPointFive	ThreePointFive	0.3637374407580196
420	D5	E7	TwoPointFive	ThreePointFive	0.4417866341608877
421	F1	E1	TwoPointFive	ThreePointFive	0.41568911201782766
422	F1	E7	TwoPointFive	ThreePointFive	0.556953044260532
423	G1	E1	TwoPointFive	ThreePointFive	0.3955967354452657
424	G1	E7	TwoPointFive	ThreePointFive	0.50413068150711
425	G4	E1	TwoPointFive	ThreePointFive	0.3746539499250421
426	G4	E7	TwoPointFive	ThreePointFive	0.39532937044958316
427	G5	E1	TwoPointFive	ThreePointFive	0.359817356631554
428	G5	E7	TwoPointFive	ThreePointFive	0.48509660157173334
429	G6	E1	TwoPointFive	ThreePointFive	0.30125082419663923
430	G6	E7	TwoPointFive	ThreePointFive	0.5486319874737204
431	G7	E1	TwoPointFive	ThreePointFive	0.3818660924765459
432	G7	E7	TwoPointFive	ThreePointFive	0.4341809532381944
433	G8	E1	TwoPointFive	ThreePointFive	0.44568072977089324
434	G8	E7	TwoPointFive	ThreePointFive	0.4375610572855474
435	A10	A3	TwoPointFive	Two	0.479529277061577
436	A10	B1	TwoPointFive	Two	0.4375510705125045
437	A10	B2	TwoPointFive	Two	0.5765093302369944
438	A10	G3	TwoPointFive	Two	0.6076035541163387
439	A10	G9	TwoPointFive	Two	0.4017146310742018
440	A10	H1	TwoPointFive	Two	0.42672446342866077
441	A2	A3	TwoPointFive	Two	0.5898104741149222
442	A2	B1	TwoPointFive	Two	0.5829145229184081
443	A2	B2	TwoPointFive	Two	0.6400165893397421
444	A2	G3	TwoPointFive	Two	0.6350300417359069
445	A2	G9	TwoPointFive	Two	0.5690450500798636
446	A2	H1	TwoPointFive	Two	0.4483631263851562
447	A4	A3	TwoPointFive	Two	0.5253161385200276
448	A4	B1	TwoPointFive	Two	0.48893726044022223
449	A4	B2	TwoPointFive	Two	0.5819663770192398
450	A4	G3	TwoPointFive	Two	0.6707987229242065
451	A4	G9	TwoPointFive	Two	0.48812811035767734
452	A4	H1	TwoPointFive	Two	0.5996499028089419
453	A6	A3	TwoPointFive	Two	0.31789931616078676
454	A6	B1	TwoPointFive	Two	0.3751514305937762
455	A6	B2	TwoPointFive	Two	0.5056293610326298
456	A6	G3	TwoPointFive	Two	0.49956162360851636
457	A6	G9	TwoPointFive	Two	0.3252865244973539
458	A6	H1	TwoPointFive	Two	0.4006307961559082
459	C2	A3	TwoPointFive	Two	0.30246142666241493
460	C2	B1	TwoPointFive	Two	0.2974917459364107
461	C2	B2	TwoPointFive	Two	0.5387240873474548
462	C2	G3	TwoPointFive	Two	0.39981320379497864
463	C2	G9	TwoPointFive	Two	0.31885625125544886
464	C2	H1	TwoPointFive	Two	0.5301629199357183
465	D1	A3	TwoPointFive	Two	0.5133536981393413
466	D1	B1	TwoPointFive	Two	0.4903408151645934
467	D1	B2	TwoPointFive	Two	0.6206623757601328
468	D1	G3	TwoPointFive	Two	0.5655689241404629
469	D1	G9	TwoPointFive	Two	0.4676247117581416
470	D1	H1	TwoPointFive	Two	0.499970865003795
471	D4	A3	TwoPointFive	Two	0.49651924158315713
472	D4	B1	TwoPointFive	Two	0.45086861650246196
473	D4	B2	TwoPointFive	Two	0.5165997422642962
474	D4	G3	TwoPointFive	Two	0.5029142065257047
475	D4	G9	TwoPointFive	Two	0.36130952080976786
476	D4	H1	TwoPointFive	Two	0.313887183194382
477	D5	A3	TwoPointFive	Two	0.36641204006136213
478	D5	B1	TwoPointFive	Two	0.33607756171434755
479	D5	B2	TwoPointFive	Two	0.49741602691794884
480	D5	G3	TwoPointFive	Two	0.5138466173395024
481	D5	G9	TwoPointFive	Two	0.2836402190024019
482	D5	H1	TwoPointFive	Two	0.3795104077876236
483	F1	A3	TwoPointFive	Two	0.4269749923990138
484	F1	B1	TwoPointFive	Two	0.4004216210348476
485	F1	B2	TwoPointFive	Two	0.5725178180831569
486	F1	G3	TwoPointFive	Two	0.491028152149242
487	F1	G9	TwoPointFive	Two	0.37243910654648676
488	F1	H1	TwoPointFive	Two	0.4401150995331141
489	G1	A3	TwoPointFive	Two	0.4797337250391283
490	G1	B1	TwoPointFive	Two	0.4732697666579988
491	G1	B2	TwoPointFive	Two	0.5745276945646045
492	G1	G3	TwoPointFive	Two	0.5699871751024292
493	G1	G9	TwoPointFive	Two	0.4424394601079872
494	G1	H1	TwoPointFive	Two	0.47445753177099037
495	G4	A3	TwoPointFive	Two	0.3726215255287888
496	G4	B1	TwoPointFive	Two	0.34878816862480677
497	G4	B2	TwoPointFive	Two	0.47649276886766595
498	G4	G3	TwoPointFive	Two	0.47950574486149666
499	G4	G9	TwoPointFive	Two	0.28954334738881815
500	G4	H1	TwoPointFive	Two	0.3414140187603716
501	G5	A3	TwoPointFive	Two	0.3317801819335031
502	G5	B1	TwoPointFive	Two	0.3185200964714113
503	G5	B2	TwoPointFive	Two	0.5527034770054527
504	G5	G3	TwoPointFive	Two	0.540203709267031
505	G5	G9	TwoPointFive	Two	0.3225428014830939
506	G5	H1	TwoPointFive	Two	0.49177630119068816
507	G6	A3	TwoPointFive	Two	0.3829798618675287
508	G6	B1	TwoPointFive	Two	0.39316560999689615
509	G6	B2	TwoPointFive	Two	0.546555815312601
510	G6	G3	TwoPointFive	Two	0.5664677771481894
511	G6	G9	TwoPointFive	Two	0.36246269850005464
512	G6	H1	TwoPointFive	Two	0.47750221889767663
513	G7	A3	TwoPointFive	Two	0.22182928074461394
514	G7	B1	TwoPointFive	Two	0.356897017668503
515	G7	B2	TwoPointFive	Two	0.49562568039157384
516	G7	G3	TwoPointFive	Two	0.41382881162330226
517	G7	G9	TwoPointFive	Two	0.3098350837703462
518	G7	H1	TwoPointFive	Two	0.360243671985058
519	G8	A3	TwoPointFive	Two	0.4218390225560018
520	G8	B1	TwoPointFive	Two	0.34596671115886124
521	G8	B2	TwoPointFive	Two	0.4801871755820333
522	G8	G3	TwoPointFive	Two	0.5434886724135464
523	G8	G9	TwoPointFive	Two	0.29277656114866185
524	G8	H1	TwoPointFive	Two	0.3867222352303316
